index,country,year,ccode,start,end,duration,group_visit,group_order,group_id,global_id,leader,leader_id,office,url,last_accessed,meeting,note,Continent,cap_lat,cap_lng,distance
1,Kazakhstan,1998,KAZ,July 3 1998,July 4 1998,1,0,1,,Jiang Zemin|solo:1,Jiang Zemin,1,President,http://www.peopledaily.com.cn/item/ldhd/Jiangzm/1998/chufang/1998hasakesitan/cf0008.html,January 9 2022,Shanghai Cooperation Organization,NA,Asia,51.1472,71.4222,3663.3535123454000
2,Russian Federation,1998,RUS,November 22 1998,November 25 1998,3,1,1,2,Jiang Zemin|2,Jiang Zemin,1,President,https://www.fmprc.gov.cn/chn/pds/ziliao/1179/t5416.htm,January 9 2022,NA,NA,Europe,55.7506,37.6175,5809.313471098180
3,Japan,1998,JPN,November 25 1998,November 30 1998,5,1,2,2,Jiang Zemin|2,Jiang Zemin,1,President,http://www.peopledaily.com.cn/item/ldhd/Jiangzm/1998/chufang/1998eluosi/cf0367.html,January 9 2022,NA,NA,Asia,35.687,139.7495,2101.9517286556700
4,Italy,1999,ITA,March 20 1999,March 25 1999,5,1,1,3,Jiang Zemin|3,Jiang Zemin,1,President,http://www.peopledaily.com.cn/item/ldhd/Jiangzm/1999/chufang/1999yidali/cf0005.html,January 9 2022,NA,NA,Europe,41.8931,12.4828,8147.144457193310
5,Switzerland,1999,CHE,March 25 1999,March 27 1999,2,1,2,3,Jiang Zemin|3,Jiang Zemin,1,President,http://www.peopledaily.com.cn/item/ldhd/Jiangzm/1999/chufang/1999ruishi/cf0007.html,January 9 2022,NA,NA,Europe,46.948,7.4474,8096.719712342530
6,Austria,1999,AUT,March 27 1999,March 30 1999,3,1,3,3,Jiang Zemin|3,Jiang Zemin,1,President,http://www.peopledaily.com.cn/item/ldhd/Jiangzm/1999/chufang/1999aodili/cf0005.html,January 9 2022,NA,NA,Europe,48.2083,16.3725,7480.373935318700
7,Mongolia,1999,MNG,July 15 1999,July 17 1999,2,0,1,,Jiang Zemin|solo:7,Jiang Zemin,1,President,http://www.peopledaily.com.cn/item/ldhd/Jiangzm/1999/chufang/1999mengguo/cf0010.html,January 9 2022,NA,NA,Asia,47.9214,106.9055,1171.2328680849300
8,Thailand,1999,THA,September 2 1999,September 6 1999,4,1,1,5,Jiang Zemin|5,Jiang Zemin,1,President,http://www.chinanews.com.cn//1999-9-10/26/378.html,January 9 2022,NA,NA,Asia,13.7525,100.4942,3289.2821459423700
9,Australia,1999,AUS,September 6 1999,September 11 1999,5,1,2,5,Jiang Zemin|5,Jiang Zemin,1,President,http://www.chinanews.com.cn//1999-9-10/26/389.html,January 9 2022,NA,NA,Oceania,-35.2931,149.1269,8977.611306861190
10,New Zealand,1999,NZL,September 11 1999,September 16 1999,5,1,3,5,Jiang Zemin|5,Jiang Zemin,1,President,http://www.chinanews.com.cn//1999-9-17/26/1150.html,January 9 2022,Asia-Pacific Economic Cooperation,NA,Oceania,-41.2889,174.7772,10754.829316528500
11,United Kingdom,1999,GBR,October 18 1999,October 22 1999,4,1,1,6,Jiang Zemin|6,Jiang Zemin,1,President,http://www.people.com.cn/item/xwqrx/1999/10-25/a114.html,January 9 2022,NA,NA,Europe,51.5072,-0.1275,8162.979802551350
12,France,1999,FRA,October 22 1999,October 26 1999,4,1,2,6,Jiang Zemin|6,Jiang Zemin,1,President,http://www.peopledaily.com.cn/item/ldhd/Jiangzm/1999/chufang/1999ofy/ofy011.html,January 9 2022,NA,NA,Europe,48.8567,2.3522,8238.77077033595
13,Portugal,1999,PRT,October 26 1999,October 27 1999,1,1,3,6,Jiang Zemin|6,Jiang Zemin,1,President,http://www.people.com.cn/rmrb/199910/27/newfiles/col_19991027001001_ldxz.html,January 9 2022,NA,NA,Europe,38.7122,-9.134,9690.967143302890
14,Morocco,1999,MAR,October 27 1999,October 30 1999,3,1,4,6,Jiang Zemin|6,Jiang Zemin,1,President,https://www.gmw.cn/01gmrb/1999-10/31/GB/GM%5E18226%5E3%5EGM3-3103.HTM,January 9 2022,NA,NA,Africa,34.0209,-6.8416,9963.768407706260
15,Algeria,1999,DZA,October 30 1999,October 31 1999,1,1,5,6,Jiang Zemin|6,Jiang Zemin,1,President,https://www.gmw.cn/01gmrb/1999-10/31/GB/GM%5E18226%5E1%5EGM1-3105.HTM,January 9 2022,NA,NA,Africa,36.7325,3.0872,9132.03076734492
16,Saudi Arabia,1999,SAU,October 31 1999,November 3 1999,3,1,6,6,Jiang Zemin|6,Jiang Zemin,1,President,http://www.people.com.cn/item/jcfoyf/stalb.html,January 9 2022,NA,NA,Asia,24.65,46.71,6613.326978642350
17,Israel,2000,ISR,April 12 2000,April 18 2000,6,1,1,7,Jiang Zemin|7,Jiang Zemin,1,President,https://www.gmw.cn/01gmrb/2000-04/13/GB/04%5E18389%5E0%5EGMA1-109.htm,January 9 2022,Visit to Palestine & Meeting with Mubarak in Egypt,NA,Asia,31.7789,35.2256,7135.937961700620
18,Turkey,2000,TUR,April 18 2000,April 21 2000,3,1,2,7,Jiang Zemin|7,Jiang Zemin,1,President,https://www.fmprc.gov.cn/chn/pds/ziliao/1179/t6365.htm,January 9 2022,NA,NA,Asia,39.93,32.85,6851.117849572520
19,Greece,2000,GRC,April 21 2000,April 24 2000,3,1,3,7,Jiang Zemin|7,Jiang Zemin,1,President,https://www.gmw.cn/01gmrb/2000-04/22/GB/04%5E18398%5E0%5EGMA1-205.htm,January 9 2022,NA,NA,Europe,37.9842,23.7281,7634.910503329010
20,South Africa,2000,ZAF,April 24 2000,April 27 2000,3,1,4,7,Jiang Zemin|7,Jiang Zemin,1,President,https://www.gmw.cn/01gmrb/2000-04/28/GB/04%5E18404%5E0%5EGMA1-210.htm,January 9 2022,NA,NA,Africa,-33.9253,18.4239,12945.448035849100
21,Tajikistan,2000,TJK,July 3 2000,July 5 2000,2,1,1,8,Jiang Zemin|8,Jiang Zemin,1,President,https://www.fmprc.gov.cn/chn/pds/wjdt/wsrc/t8337.htm,January 9 2022,Shanghai Cooperation Organization,NA,Asia,38.5367,68.78,4066.2957656649100
22,Turkmenistan,2000,TKM,July 5 2000,July 7 2000,2,1,2,8,Jiang Zemin|8,Jiang Zemin,1,President,https://www.fmprc.gov.cn/chn/pds/wjdt/wsrc/t8337.htm,January 9 2022,NA,NA,Asia,37.9375,58.38,4946.433228108020
23,Lao People's Dem.Rep,2000,LAO,November 11 2000,November 13 2000,2,1,1,9,Jiang Zemin|9,Jiang Zemin,1,President,https://www.gmw.cn/01gmrb/2000-11/12/GB/11%5E18602%5E0%5EGMA1-112.htm,January 9 2022,NA,NA,Asia,17.98,102.63,2768.5919144738700
24,Cambodia,2000,KHM,November 13 2000,November 14 2000,1,1,2,9,Jiang Zemin|9,Jiang Zemin,1,President,http://news.cctv.com/lm/808/-1/59791.html,January 9 2022,NA,NA,Asia,11.5696,104.921,3337.2164557080500
25,Brunei Darussalam,2000,BRN,November 14 2000,November 18 2000,4,1,3,9,Jiang Zemin|9,Jiang Zemin,1,President,https://www.gmw.cn/01gmrb/2000-11/19/GB/11%5E18609%5E0%5EGMA1-119.htm,January 9 2022,APEC Economic Leaders' Meeting,NA,Asia,4.8903,114.9422,3880.9315100913100
26,Chile,2001,CHL,April 5 2001,April 7 2001,2,1,1,10,Jiang Zemin|10,Jiang Zemin,1,President,https://www.gmw.cn/01gmrb/2001-04/06/GB/04%5E18743%5E0%5EGMA1-009.htm,January 9 2022,NA,NA,Americas,-33.4372,-70.6506,19058.186758651200
27,Argentina,2001,ARG,April 7 2001,April 10 2001,3,1,2,10,Jiang Zemin|10,Jiang Zemin,1,President,http://www.people.com.cn/GB/shizheng/252/4929/4934/index.html,January 9 2022,NA,NA,Americas,-34.6036,-58.3814,19263.87548303640
28,Uruguay,2001,URY,April 10 2001,April 11 2001,1,1,3,10,Jiang Zemin|10,Jiang Zemin,1,President,https://www.gmw.cn/01gmrb/2001-04/12/GB/04%5E18749%5E0%5EGMB4-105.htm,January 9 2022,NA,NA,Americas,-34.9056,-56.1842,19157.49858059300
29,Brazil,2001,BRA,April 11 2001,April 12 2001,1,1,4,10,Jiang Zemin|10,Jiang Zemin,1,President,https://www.gmw.cn/01gmrb/2001-04/13/GB/04%5E18750%5E0%5EGMA1-117.htm,January 9 2022,NA,NA,Americas,-15.7939,-47.8828,16933.504942329000
30,Cuba,2001,CUB,April 12 2001,April 15 2001,3,1,5,10,Jiang Zemin|10,Jiang Zemin,1,President,http://zqb.cyol.com/content/2001-04/14/content_205517.htm,January 9 2022,NA,NA,Americas,23.1367,-82.3589,12760.233922349700
31,"Venezuela, Rep. Bol.",2001,VEN,April 15 2001,April 17 2001,2,1,6,10,Jiang Zemin|10,Jiang Zemin,1,President,https://www.gmw.cn/01gmrb/2001-04/19/GB/04%5E18756%5E0%5EGMA1-108.htm,January 9 2022,NA,NA,Americas,10.4806,-66.9036,14415.649609297900
32,Russian Federation,2001,RUS,July 15 2001,July 18 2001,3,1,1,11,Jiang Zemin|11,Jiang Zemin,1,President,https://www.gmw.cn/01gmrb/2001-07/16/01-EE79C5E2C626DD9348256A8A00805589.htm,January 9 2022,NA,NA,Europe,55.7506,37.6175,5809.313471098180
33,Belarus,2001,BLR,July 18 2001,July 19 2001,1,1,2,11,Jiang Zemin|11,Jiang Zemin,1,President,https://www.gmw.cn/01gmrb/2001-07/20/03-E6162B64D60E6A7448256A8F00000A83.htm,January 9 2022,NA,NA,Europe,53.9006,27.5586,6485.518338341070
34,Moldova,2001,MDA,July 19 2001,July 20 2001,1,1,3,11,Jiang Zemin|11,Jiang Zemin,1,President,https://www.gmw.cn/01gmrb/2001-07/20/01-0148DDDB45ACCA3748256A8E008161CD.htm,January 9 2022,NA,NA,Europe,47.0228,28.8353,6751.838267900130
35,Ukraine,2001,UKR,July 20 2001,July 23 2001,3,1,4,11,Jiang Zemin|11,Jiang Zemin,1,President,https://www.gmw.cn/01gmrb/2001-07/21/01-E6EAC2658DF0C7C348256A9100377786.htm,January 9 2022,NA,NA,Europe,50.45,30.5233,6468.158011889340
36,Malta,2001,MLT,July 23 2001,July 25 2001,2,1,5,11,Jiang Zemin|11,Jiang Zemin,1,President,https://www.gmw.cn/01gmrb/2001-07/24/01-BBC2E29B638DF81148256A9200819769.htm,January 9 2022,NA,NA,Europe,35.8983,14.5125,8430.036548150030
37,North Korea,2001,PRK,September 3 2001,September 5 2001,2,0,1,,Jiang Zemin|solo:37,Jiang Zemin,1,President,https://www.gmw.cn/01gmrb/2001-09/04/01-03B76A597E3D81DC48256ABC008028F1.htm,January 9 2022,NA,NA,Asia,39.0167,125.7475,809.4641408419890
38,Myanmar,2001,MMR,December 12 2001,December 15 2001,3,0,1,,Jiang Zemin|solo:38,Jiang Zemin,1,President,http://www.xinhuanet.com//world/ztbd/jzmcfmd/index.htm,January 9 2022,NA,NA,Asia,16.795,96.16,3223.410875290340
39,Vietnam,2002,VNM,February 27 2002,March 1 2002,2,0,1,,Jiang Zemin|solo:39,Jiang Zemin,1,President,https://www.chinanews.com.cn/zhuanti/vietnam/,January 9 2022,NA,NA,Asia,21,105.85,2323.9538310795200
40,Germany,2002,DEU,April 8 2002,April 13 2002,5,1,1,15,Jiang Zemin|15,Jiang Zemin,1,President,https://www.gmw.cn/01gmrb/2002-04/09/01-E5DED668DB68B33B48256B950080EB9C.htm,January 9 2022,NA,NA,Europe,52.52,13.405,7377.456964000470
41,Libya,2002,LBY,April 13 2002,April 14 2002,1,1,2,15,Jiang Zemin|15,Jiang Zemin,1,President,https://www.gmw.cn/01gmrb/2002-04/14/02-CE21022E171803B648256B9B000889A8.htm,January 9 2022,NA,NA,Africa,32.8872,13.1914,8737.124144004230
42,Nigeria,2002,NGA,April 14 2002,April 16 2002,2,1,3,15,Jiang Zemin|15,Jiang Zemin,1,President,http://www.cntv.cn/lm/808/-1/59780.html,January 9 2022,NA,NA,Africa,9.0667,7.4833,10944.087061173900
43,Tunisia,2002,TUN,April 16 2002,April 18 2002,2,1,4,15,Jiang Zemin|15,Jiang Zemin,1,President,https://www.gmw.cn/01gmrb/2002-04/17/01-F86D7D3D66A4C2E048256B9D00819AA6.htm,January 9 2022,NA,NA,Africa,36.8064,10.1817,8662.233505520430
44,"Iran, I.R. of",2002,IRN,April 18 2002,April 22 2002,4,1,5,15,Jiang Zemin|15,Jiang Zemin,1,President,https://www.gmw.cn/01gmrb/2002-04/19/01-89AA0ABE580D074F48256B9F00813590.htm,January 9 2022,NA,NA,Asia,35.6889,51.3897,5617.704282097890
45,Latvia,2002,LVA,June 10 2002,June 12 2002,2,1,1,16,Jiang Zemin|16,Jiang Zemin,1,President,https://www.gmw.cn/01gmrb/2002-06/11/01-F92F53DACE94E87B48256BD4008357D5.htm,January 9 2022,NA,NA,Europe,56.9475,24.1069,6534.461515076580
46,Estonia,2002,EST,June 12 2002,June 13 2002,1,1,2,16,Jiang Zemin|16,Jiang Zemin,1,President,https://www.gmw.cn/01gmrb/2002-06/13/01-627334529D8082CE48256BD7000031EE.htm,January 9 2022,NA,NA,Europe,59.4372,24.7453,6382.290683021010
47,Iceland,2002,ISL,June 13 2002,June 16 2002,3,1,3,16,Jiang Zemin|16,Jiang Zemin,1,President,https://www.chinanews.com.cn/2002-06-14/26/194745.html,January 9 2022,NA,NA,Europe,64.1458,-21.9425,7904.928453292320
48,Lithuania,2002,LTU,June 16 2002,June 17 2002,1,1,4,16,Jiang Zemin|16,Jiang Zemin,1,President,https://www.gmw.cn/01gmrb/2002-06/17/01-667A74115EE8943448256BDB00004824.htm,January 9 2022,NA,NA,Europe,54.6872,25.28,6580.358297121260
49,United States,2002,USA,October 22 2002,October 25 2002,3,0,1,,Jiang Zemin|solo:49,Jiang Zemin,1,President,https://www.gmw.cn/01gmrb/2002-10/23/01-828B9633E2F19B8148256C5A007F65DF.htm,January 9 2022,NA,NA,Americas,38.9047,-77.0163,11171.267620605200
50,Russian Federation,2003,RUS,May 26 2003,May 31 2003,5,1,1,18,Hu Jintao|18,Hu Jintao,2,President,https://www.fmprc.gov.cn/ce/cgkhb/chn/xwdt/xw2003s/t116175.htm,January 9 2022,Shanghai Cooperation Organization,NA,Europe,55.7506,37.6175,5809.313471098180
51,Kazakhstan,2003,KAZ,June 2 2003,June 4 2003,2,1,2,18,Hu Jintao|18,Hu Jintao,2,President,https://www.gmw.cn/01gmrb/2003-06/03/01-426D61D41846F7B248256D3900823E94.htm,January 9 2022,NA,NA,Asia,51.1472,71.4222,3663.3535123454000
52,Mongolia,2003,MNG,June 4 2003,June 5 2003,1,1,3,18,Hu Jintao|18,Hu Jintao,2,President,http://ar.chineseembassy.org/xwdt/200306/t20030606_4578698.htm,January 9 2022,NA,NA,Asia,47.9214,106.9055,1171.2328680849300
53,Thailand,2003,THA,October 17 2003,October 21 2003,4,1,1,19,Hu Jintao|19,Hu Jintao,2,President,https://www.fmprc.gov.cn/chn//pds/ziliao/zt/ywzt/zt2003/htaxapec/t32414.htm,January 9 2022,APEC Economic Leaders' Meeting,NA,Asia,13.7525,100.4942,3289.2821459423700
54,Australia,2003,AUS,October 22 2003,October 25 2003,3,1,2,19,Hu Jintao|19,Hu Jintao,2,President,https://www.gmw.cn/01gmrb/2003-10/23/01-93A295AE7B4E4E3248256DC70081F5A3.htm,January 9 2022,NA,NA,Oceania,-35.2931,149.1269,8977.611306861190
55,New Zealand,2003,NZL,October 25 2003,October 27 2003,2,1,3,19,Hu Jintao|19,Hu Jintao,2,President,https://www.gmw.cn/01gmrb/2003-10/28/01-3ECF1875138457A548256DCC00816C93.htm,January 9 2022,NA,NA,Oceania,-41.2889,174.7772,10754.829316528500
56,France,2004,FRA,January 26 2004,January 29 2004,3,1,1,20,Hu Jintao|20,Hu Jintao,2,President,https://www.gmw.cn/01gmrb/2004-01/28/02-9B3C46E90976CC8E48256E2900823A95.htm,January 9 2022,NA,NA,Europe,48.8567,2.3522,8238.77077033595
57,Egypt,2004,EGY,January 29 2004,February 1 2004,3,1,2,20,Hu Jintao|20,Hu Jintao,2,President,http://sa.china-embassy.org/xwdt/xw2003n3y/200408/t20040826_1993860.htm,January 9 2022,NA,NA,Africa,30.0444,31.2358,7560.1201357495400
58,Gabon,2004,GAB,February 1 2004,February 3 2004,2,1,3,20,Hu Jintao|20,Hu Jintao,2,President,https://www.gmw.cn/01gmrb/2004-02/02/01-C1E04353FB7FF19D48256E2D0080CB6D.htm,January 9 2022,NA,NA,Africa,0.3901,9.4544,11423.953910354800
59,Algeria,2004,DZA,February 3 2004,February 4 2004,1,1,4,20,Hu Jintao|20,Hu Jintao,2,President,https://www.mfa.gov.cn/ce/cebw//chn/zfgx/t61879.htm,January 9 2022,NA,NA,Africa,36.7325,3.0872,9132.03076734492
60,Poland,2004,POL,June 8 2004,June 10 2004,2,1,1,21,Hu Jintao|21,Hu Jintao,2,President,https://www.gmw.cn/01gmrb/2004-06/09/content_40670.htm,January 9 2022,NA,NA,Europe,52.23,21.0111,6960.073589530540
61,Hungary,2004,HUN,June 10 2004,June 12 2004,2,1,2,21,Hu Jintao|21,Hu Jintao,2,President,https://www.gmw.cn/01gmrb/2004-06/11/content_41938.htm,January 9 2022,NA,NA,Europe,47.4983,19.0408,7359.882605655540
62,Romania,2004,ROU,June 12 2004,June 14 2004,2,1,3,21,Hu Jintao|21,Hu Jintao,2,President,https://www.gmw.cn/01gmrb/2004-06/13/content_42833.htm,January 9 2022,NA,NA,Europe,44.4325,26.1039,7079.1663557559400
63,Uzbekistan,2004,UZB,June 14 2004,June 18 2004,4,1,4,21,Hu Jintao|21,Hu Jintao,2,President,https://www.gmw.cn/01gmrb/2004-06/15/content_43349.htm,January 9 2022,Shanghai Cooperation Organization,NA,Asia,41.3111,69.2797,3941.923515260980
64,Brazil,2004,BRA,November 11 2004,November 16 2004,5,1,1,22,Hu Jintao|22,Hu Jintao,2,President,https://www.gmw.cn/01gmrb/2004-11/13/content_131544.htm,January 9 2022,NA,NA,Americas,-15.7939,-47.8828,16933.504942329000
65,Argentina,2004,ARG,November 16 2004,November 18 2004,2,1,2,22,Hu Jintao|22,Hu Jintao,2,President,https://www.gmw.cn/01gmrb/2004-11/17/content_133021.htm,January 9 2022,NA,NA,Americas,-34.6036,-58.3814,19263.87548303640
66,Chile,2004,CHL,November 18 2004,November 22 2004,4,1,3,22,Hu Jintao|22,Hu Jintao,2,President,https://www.gmw.cn/01gmrb/2004-11/19/content_134512.htm,January 9 2022,APEC Economic Leaders' Meeting,NA,Americas,-33.4372,-70.6506,19058.186758651200
67,Cuba,2004,CUB,November 22 2004,November 23 2004,1,1,4,22,Hu Jintao|22,Hu Jintao,2,President,https://www.gmw.cn/01gmrb/2004-11/24/content_137173.htm,January 9 2022,NA,NA,Americas,23.1367,-82.3589,12760.233922349700
68,Brunei Darussalam,2005,BRN,April 20 2005,April 21 2005,1,1,1,23,Hu Jintao|23,Hu Jintao,2,President,https://www.gmw.cn/01gmrb/2005-04/21/content_219440_2.htm,January 9 2022,NA,NA,Asia,4.8903,114.9422,3880.9315100913100
69,Indonesia,2005,IDN,April 21 2005,April 26 2005,5,1,2,23,Hu Jintao|23,Hu Jintao,2,President,https://www.gmw.cn/01gmrb/2005-04/22/content_220342.htm,January 9 2022,Asian-African Conference,NA,Asia,-6.175,106.8275,5195.8095348361600
70,Philippines,2005,PHL,April 26 2005,April 28 2005,2,1,3,23,Hu Jintao|23,Hu Jintao,2,President,https://www.fmprc.gov.cn/chn/pds/ziliao/zt/ywzt/2005year/wcflysg/wzlcfzyxx/t193383.htm,January 9 2022,NA,NA,Asia,14.5958,120.9772,2839.8394695885400
71,Russian Federation,2005,RUS,June 30 2005,July 3 2005,3,1,1,24,Hu Jintao|24,Hu Jintao,2,President,https://www.gmw.cn/01gmrb/2005-07/01/content_261531.htm,January 9 2022,NA,NA,Europe,55.7506,37.6175,5809.313471098180
72,Kazakhstan,2005,KAZ,July 3 2005,July 6 2005,3,1,2,24,Hu Jintao|24,Hu Jintao,2,President,https://www.gmw.cn/01gmrb/2005-07/04/content_262697.htm,January 9 2022,Shanghai Cooperation Organization,NA,Asia,51.1472,71.4222,3663.3535123454000
73,Canada,2005,CAN,September 8 2005,September 11 2005,3,1,1,25,Hu Jintao|25,Hu Jintao,2,President,https://www.gmw.cn/01gmrb/2005-09/09/content_302186.htm,January 9 2022,NA,NA,Americas,45.4247,-75.695,10476.325449049400
74,Mexico,2005,MEX,September 11 2005,September 13 2005,2,1,2,25,Hu Jintao|25,Hu Jintao,2,President,https://www.gmw.cn/01gmrb/2005-09/12/content_303085.htm,January 9 2022,NA,NA,Americas,19.4333,-99.1333,12476.869047922800
75,North Korea,2005,PRK,October 28 2005,October 30 2005,2,0,1,,Hu Jintao|solo:75,Hu Jintao,2,President,https://www.gmw.cn/01gmrb/2005-10/29/content_323324.htm,January 9 2022,NA,NA,Asia,39.0167,125.7475,809.4641408419890
76,Vietnam,2005,VNM,October 31 2005,November 2 2005,2,0,1,,Hu Jintao|solo:76,Hu Jintao,2,President,http://www.gov.cn/ldhd/2005-10/31/content_87567.htm,January 9 2022,NA,NA,Asia,21,105.85,2323.9538310795200
77,United Kingdom,2005,GBR,November 8 2005,November 10 2005,2,1,1,28,Hu Jintao|28,Hu Jintao,2,President,https://www.gmw.cn/01gmrb/2005-11/09/content_328733.htm,January 9 2022,NA,NA,Europe,51.5072,-0.1275,8162.979802551350
78,Germany,2005,DEU,November 10 2005,November 13 2005,3,1,2,28,Hu Jintao|28,Hu Jintao,2,President,https://www.gmw.cn/01gmrb/2005-11/11/content_329810.htm,January 9 2022,NA,NA,Europe,52.52,13.405,7377.456964000470
79,Spain,2005,ESP,November 13 2005,November 15 2005,2,1,3,28,Hu Jintao|28,Hu Jintao,2,President,https://www.gmw.cn/01gmrb/2005-11/14/content_330473.htm,January 9 2022,NA,NA,Europe,40.4169,-3.7033,9244.891497656260
80,"Korea, Republic of",2005,KOR,November 16 2005,November 19 2005,3,1,4,28,Hu Jintao|28,Hu Jintao,2,President,http://www.gov.cn/ldhd/2005-11/16/content_99516.htm,January 9 2022,APEC Economic Leaders' Meeting,NA,Asia,37.5667,126.9833,954.7917254354350
81,United States,2006,USA,April 18 2006,April 21 2006,3,1,1,29,Hu Jintao|29,Hu Jintao,2,President,https://www.gmw.cn/01gmrb/2006-04/19/content_405488.htm,January 10 2022,NA,NA,Americas,38.9047,-77.0163,11171.267620605200
82,Saudi Arabia,2006,SAU,April 22 2006,April 24 2006,2,1,2,29,Hu Jintao|29,Hu Jintao,2,President,http://www.gov.cn/ldhd/2006-04/22/content_261091.htm,January 10 2022,NA,NA,Asia,24.65,46.71,6613.326978642350
83,Morocco,2006,MAR,April 24 2006,April 26 2006,2,1,3,29,Hu Jintao|29,Hu Jintao,2,President,http://www.gov.cn/ldhd/2006-04/24/content_263276.htm,January 10 2022,NA,NA,Africa,34.0209,-6.8416,9963.768407706260
84,Nigeria,2006,NGA,April 26 2006,April 27 2006,1,1,4,29,Hu Jintao|29,Hu Jintao,2,President,http://www.gov.cn/ldhd/2006-04/27/content_267050.htm,January 10 2022,NA,NA,Africa,9.0667,7.4833,10944.087061173900
85,Kenya,2006,KEN,April 27 2006,April 29 2006,2,1,5,29,Hu Jintao|29,Hu Jintao,2,President,http://www.gov.cn/ldhd/2006-04/28/content_268279.htm,January 10 2022,NA,NA,Africa,-1.2864,36.8172,9215.640061220100
86,Vietnam,2006,VNM,November 15 2006,November 19 2006,4,1,1,30,Hu Jintao|30,Hu Jintao,2,President,https://www.chinanews.com.cn/other/news/2006/11-15/821273.shtml,January 10 2022,APEC Economic Leaders' Meeting,NA,Asia,21,105.85,2323.9538310795200
87,Lao People's Dem.Rep,2006,LAO,November 19 2006,November 20 2006,1,1,2,30,Hu Jintao|30,Hu Jintao,2,President,http://www.gov.cn/jrzg/2006-11/20/content_447163.htm,January 10 2022,NA,NA,Asia,17.98,102.63,2768.5919144738700
88,India,2006,IND,November 20 2006,November 23 2006,3,1,3,30,Hu Jintao|30,Hu Jintao,2,President,https://www.gmw.cn/01gmrb/2006-11/21/content_510907.htm,January 10 2022,NA,NA,Asia,28.6139,77.2089,3786.246614675140
89,Pakistan,2006,PAK,November 23 2006,November 26 2006,3,1,4,30,Hu Jintao|30,Hu Jintao,2,President,https://www.gmw.cn/01gmrb/2006-11/24/content_512575.htm,January 10 2022,NA,NA,Asia,33.6931,73.0639,3890.363787500010
90,Cameroon,2007,CMR,January 30 2007,February 1 2007,2,1,1,31,Hu Jintao|31,Hu Jintao,2,President,https://www.gmw.cn/01gmrb/2007-01/31/content_543573.htm,January 11 2022,NA,NA,Africa,3.8667,11.5167,10997.969547251700
91,Liberia,2007,LBR,February 1 2007,February 2 2007,1,1,2,31,Hu Jintao|31,Hu Jintao,2,President,https://www.gmw.cn/01gmrb/2007-02/02/content_545055.htm,January 11 2022,NA,NA,Africa,6.3133,-10.8014,12576.526499518900
92,Sudan,2007,SDN,February 2 2007,February 3 2007,1,1,3,31,Hu Jintao|31,Hu Jintao,2,President,https://www.gmw.cn/01gmrb/2007-02/03/content_545659.htm,January 11 2022,NA,NA,Africa,15.6031,32.5265,8399.971357177040
93,Zambia,2007,ZMB,February 3 2007,February 5 2007,2,1,4,31,Hu Jintao|31,Hu Jintao,2,President,http://www.gov.cn/ldhd/2007-02/03/content_517122.htm,January 11 2022,NA,NA,Africa,-15.4167,28.2833,10938.58883744900
94,Namibia,2007,NAM,February 5 2007,February 6 2007,1,1,5,31,Hu Jintao|31,Hu Jintao,2,President,http://lt.china-embassy.org/xwdt/200702/t20070205_2743976.htm,January 11 2022,NA,NA,Africa,-22.57,17.0836,12355.307974975700
95,South Africa,2007,ZAF,February 6 2007,February 8 2007,2,1,6,31,Hu Jintao|31,Hu Jintao,2,President,https://www.gmw.cn/01gmrb/2007-02/07/content_547827.htm,January 11 2022,NA,NA,Africa,-33.9253,18.4239,12945.448035849100
96,Mozambique,2007,MOZ,February 8 2007,February 9 2007,1,1,7,31,Hu Jintao|31,Hu Jintao,2,President,http://www.gov.cn/ldhd/2007-02/08/content_522166.htm,January 11 2022,NA,NA,Africa,-25.9153,32.5764,11319.63940095310
97,Seychelles,2007,SYC,February 9 2007,February 10 2007,1,1,8,31,Hu Jintao|31,Hu Jintao,2,President,http://www.gov.cn/jrzg/2007-02/10/content_523405.htm,January 11 2022,NA,NA,Africa,-4.6231,55.4525,7929.7891619256100
98,Russian Federation,2007,RUS,March 26 2007,March 28 2007,2,0,1,,Hu Jintao|solo:98,Hu Jintao,2,President,https://www.gmw.cn/01gmrb/2007-03/27/content_578569.htm,January 11 2022,NA,NA,Europe,55.7506,37.6175,5809.313471098180
99,Sweden,2007,SWE,June 8 2007,June 10 2007,2,0,1,,Hu Jintao|solo:99,Hu Jintao,2,President,http://www.gov.cn/ldhd/2007-06/09/content_642332.htm,January 11 2022,NA,NA,Europe,59.3275,18.0547,6727.27988015943
100,Kyrgyz Republic,2007,KGZ,August 14 2007,August 15 2007,1,1,1,34,Hu Jintao|34,Hu Jintao,2,President,https://www.gmw.cn/01gmrb/2007-08/15/content_655486.htm,January 11 2022,Shanghai Cooperation Organization,NA,Asia,42.8667,74.5667,3479.038913487960
101,Kazakhstan,2007,KAZ,August 17 2007,August 18 2007,1,1,2,34,Hu Jintao|34,Hu Jintao,2,President,https://www.gmw.cn/01gmrb/2007-08/18/content_657550.htm,January 11 2022,NA,NA,Asia,51.1472,71.4222,3663.3535123454000
102,Australia,2007,AUS,September 3 2007,September 09 2007,6,0,1,,Hu Jintao|solo:102,Hu Jintao,2,President,http://www.gov.cn/ldhd/2007-09/03/content_735765.htm,January 11 2022,APEC Economic Leaders' Meeting,NA,Oceania,-35.2931,149.1269,8977.611306861190
103,Japan,2008,JPN,May 6 2008,May 10 2008,4,0,1,,Hu Jintao|solo:103,Hu Jintao,2,President,https://www.gmw.cn/01gmrb/2008-05/07/content_770445.htm,January 11 2022,NA,NA,Asia,35.687,139.7495,2101.9517286556700
104,"Korea, Republic of",2008,KOR,August 25 2008,August 26 2008,1,1,1,37,Hu Jintao|37,Hu Jintao,2,President,https://www.chinadaily.com.cn/hqzg/2008-08/25/content_6968820.htm,January 11 2022,NA,NA,Asia,37.5667,126.9833,954.7917254354350
105,Tajikistan,2008,TJK,August 26 2008,August 28 2008,2,1,2,37,Hu Jintao|37,Hu Jintao,2,President,https://www.gmw.cn/01gmrb/2008-08/27/content_828643.htm,January 11 2022,Shanghai Cooperation Organization,NA,Asia,38.5367,68.78,4066.2957656649100
106,Turkmenistan,2008,TKM,August 28 2008,August 29 2008,1,1,3,37,Hu Jintao|37,Hu Jintao,2,President,http://nl.china-embassy.org/zgwjs/200912/t20091213_2704107.htm,January 11 2022,NA,NA,Asia,37.9375,58.38,4946.433228108020
107,Costa Rica,2008,CRI,November 16 2008,November 17 2008,1,1,1,38,Hu Jintao|38,Hu Jintao,2,President,https://www.gmw.cn/01gmrb/2008-11/18/content_860225.htm,January 11 2022,NA,NA,Americas,9.9325,-84.08,14098.906947056000
108,Cuba,2008,CUB,November 17 2008,November 19 2008,2,1,2,38,Hu Jintao|38,Hu Jintao,2,President,https://www.mfa.gov.cn/ce/ceus//chn/zmgx/zmsbzyjw/c/t522694.htm,January 11 2022,NA,NA,Americas,23.1367,-82.3589,12760.233922349700
109,Peru,2008,PER,November 19 2008,November 23 2008,4,1,3,38,Hu Jintao|38,Hu Jintao,2,President,https://www.fmprc.gov.cn/web/gjhdq_676201/gj_676203/nmz_680924/1206_680998/xgxw_681004/200811/t20081120_9368922.shtml,January 11 2022,APEC Economic Leaders' Meeting,NA,Americas,-12.06,-77.0375,16651.248014204600
110,Greece,2008,GRC,November 24 2008,November 26 2008,2,1,4,38,Hu Jintao|38,Hu Jintao,2,President,https://www.chinanews.com.cn/gn/news/2008/11-24/1461284.shtml,January 11 2022,NA,NA,Europe,37.9842,23.7281,7634.910503329010
111,Saudi Arabia,2009,SAU,February 10 2009,February 12 2009,2,1,1,39,Hu Jintao|39,Hu Jintao,2,President,http://www.gov.cn/ldhd/2009-02/11/content_1227018.htm,January 11 2022,NA,NA,Asia,24.65,46.71,6613.326978642350
112,Mali,2009,MLI,February 12 2009,February 13 2009,1,1,2,39,Hu Jintao|39,Hu Jintao,2,President,https://www.fmprc.gov.cn/chn/pds/gjhdq/gj/fz/1206_33/xgxw/t536829.htm,January 11 2022,NA,NA,Africa,12.6458,-7.9922,11847.141354336600
113,Senegal,2009,SEN,February 13 2009,February 14 2009,1,1,3,39,Hu Jintao|39,Hu Jintao,2,President,https://www.fmprc.gov.cn/web/gjhdq_676201/gjhdqzz_681964/mzblwelm_683310/xgxw_683316/200902/t20090214_9398182.shtml,January 11 2022,NA,NA,Africa,14.6726,-17.432,12312.700412156800
114,Tanzania,2009,TZA,February 14 2009,February 16 2009,2,1,4,39,Hu Jintao|39,Hu Jintao,2,President,https://epaper.gmw.cn/gmrb/html/2009-02/15/nw.D110000gmrb_20090215_7-01.htm?div=-1,January 11 2022,NA,NA,Africa,-6.1731,35.7419,9657.427156679740
115,Mauritius,2009,MUS,February 16 2009,February 17 2009,1,1,5,39,Hu Jintao|39,Hu Jintao,2,President,http://www.gov.cn/jrzg/2009-02/16/content_1233108.htm,January 11 2022,NA,NA,Africa,-20.1644,57.5042,9027.1913100952
116,Russian Federation,2009,RUS,June 14 2009,June 18 2009,4,1,1,40,Hu Jintao|40,Hu Jintao,2,President,http://www.gov.cn/ldhd/2009-06/18/content_1343301.htm,January 11 2022,Shanghai Cooperation Organization & BRICS,NA,Europe,55.7506,37.6175,5809.313471098180
117,Slovak Republic,2009,SVK,June 18 2009,June 19 2009,1,1,2,40,Hu Jintao|40,Hu Jintao,2,President,http://www.gov.cn/ldhd/2009-06/20/content_1345547.htm,January 11 2022,NA,NA,Europe,48.1447,17.1128,7439.160055726190
118,Croatia,2009,HRV,June 19 2009,June 20 2009,1,1,3,40,Hu Jintao|40,Hu Jintao,2,President,https://www.gmw.cn/01gmrb/2009-06/20/content_937336.htm,January 11 2022,NA,NA,Europe,45.8131,15.9772,7659.318901980550
119,Italy,2009,ITA,July 5 2009,July 8 2009,3,0,1,,Hu Jintao|solo:119,Hu Jintao,2,President,https://www.gmw.cn/01gmrb/2009-07/06/content_944704.htm,January 11 2022,NA,returned early,Europe,41.8931,12.4828,8147.144457193310
120,Malaysia,2009,MYS,November 10 2009,November 11 2009,1,1,1,42,Hu Jintao|42,Hu Jintao,2,President,https://epaper.gmw.cn/gmrb/html/2009-11/11/nw.D110000gmrb_20091111_2-01.htm,January 11 2022,NA,NA,Asia,3.1686,101.698,4330.660041896570
121,Singapore,2009,SGP,November 11 2009,November 13 2009,2,1,2,42,Hu Jintao|42,Hu Jintao,2,President,https://www.gmw.cn/01gmrb/2009-11/12/content_1007094.htm,January 11 2022,APEC Economic Leaders' Meeting,NA,Asia,1.3,103.8,4461.914565010560
122,Kazakhstan,2009,KAZ,December 12 2009,December 13 2009,1,1,1,43,Hu Jintao|43,Hu Jintao,2,President,http://nl.china-embassy.org/chn//zgwjs/200912/t20091212_2704098.htm,January 11 2022,NA,NA,Asia,51.1472,71.4222,3663.3535123454000
123,Turkmenistan,2009,TKM,December 13 2009,December 14 2009,1,1,2,43,Hu Jintao|43,Hu Jintao,2,President,http://nl.china-embassy.org/zgwjs/200912/t20091213_2704113.htm,January 11 2022,NA,NA,Asia,37.9375,58.38,4946.433228108020
124,Brazil,2010,BRA,April 14 2010,April 15 2010,1,0,1,,Hu Jintao|solo:124,Hu Jintao,2,President,https://www.gmw.cn/01gmrb/2010-04/16/content_1095693.htm,January 11 2022,BRICS,NA,Americas,-15.7939,-47.8828,16933.504942329000
125,Uzbekistan,2010,UZB,June 9 2010,June 11 2010,2,1,1,45,Hu Jintao|45,Hu Jintao,2,President,https://www.fmprc.gov.cn/ce/cegv/chn/xwhd/t707506.htm,January 11 2022,Shanghai Cooperation Organization,NA,Asia,41.3111,69.2797,3941.923515260980
126,Kazakhstan,2010,KAZ,June 11 2010,June 12 2010,1,1,2,45,Hu Jintao|45,Hu Jintao,2,President,https://www.gmw.cn/01gmrb/2010-06/12/content_1149410.htm,January 11 2022,NA,NA,Asia,51.1472,71.4222,3663.3535123454000
127,Canada,2010,CAN,June 23 2010,June 27 2010,4,0,1,,Hu Jintao|solo:127,Hu Jintao,2,President,https://epaper.gmw.cn/gmrb/html/2010-06/25/nw.D110000gmrb_20100625_11-01.htm?div=-1,January 11 2022,G20 Leaders' Summit,NA,Americas,45.4247,-75.695,10476.325449049400
128,France,2010,FRA,November 4 2010,November 6 2010,2,1,1,47,Hu Jintao|47,Hu Jintao,2,President,https://epaper.gmw.cn/gmrb/html/2010-11/05/nw.D110000gmrb_20101105_2-01.htm,January 11 2022,NA,NA,Europe,48.8567,2.3522,8238.77077033595
129,Portugal,2010,PRT,November 6 2010,November 7 2010,1,1,2,47,Hu Jintao|47,Hu Jintao,2,President,https://epaper.gmw.cn/gmrb/html/2010-11/09/nw.D110000gmrb_20101109_1-02.htm,January 11 2022,NA,NA,Europe,38.7122,-9.134,9690.967143302890
130,United States,2011,USA,January 18 2011,January 21 2011,3,0,1,,Hu Jintao|solo:130,Hu Jintao,2,President,http://jo.china-embassy.org/zgyw/201101/t20110119_1983025.htm,January 11 2022,NA,NA,Americas,38.9047,-77.0163,11171.267620605200
131,Kazakhstan,2011,KAZ,June 12 2011,June 15 2011,3,1,1,49,Hu Jintao|49,Hu Jintao,2,President,http://www.gov.cn/jrzg/2011-06/12/content_1882424.htm,January 11 2022,Shanghai Cooperation Organization,NA,Asia,51.1472,71.4222,3663.3535123454000
132,Russian Federation,2011,RUS,June 15 2011,June 18 2011,3,1,2,49,Hu Jintao|49,Hu Jintao,2,President,https://www.mfa.gov.cn/ce/ceus/chn/zgyw/glyw/t831211.htm,January 11 2022,NA,NA,Europe,55.7506,37.6175,5809.313471098180
133,Ukraine,2011,UKR,June 18 2011,June 20 2011,2,1,3,49,Hu Jintao|49,Hu Jintao,2,President,http://jo.china-embassy.org/zgyw/201106/t20110618_1984606.htm,January 11 2022,NA,NA,Europe,50.45,30.5233,6468.158011889340
134,Austria,2011,AUT,October 30 2011,November 2 2011,3,0,1,,Hu Jintao|solo:134,Hu Jintao,2,President,https://epaper.gmw.cn/gmrb/html/2011-10/31/nw.D110000gmrb_20111031_1-01.htm,January 11 2022,NA,NA,Europe,48.2083,16.3725,7480.373935318700
135,Cambodia,2012,KHM,March 30 2012,April 2 2012,3,0,1,,Hu Jintao|solo:135,Hu Jintao,2,President,https://www.mfa.gov.cn/ce/ceus//chn/zgyw/glyw/t919092.htm,January 11 2022,NA,NA,Asia,11.5696,104.921,3337.2164557080500
136,Denmark,2012,DNK,June 14 2012,June 16 2012,2,0,1,,Hu Jintao|solo:136,Hu Jintao,2,President,https://www.fmprc.gov.cn/ce/cegr/chn/zgyw/t941601.htm,January 11 2022,NA,NA,Europe,55.6805,12.5615,7221.262420520210
137,Russian Federation,2013,RUS,March 22 2013,March 24 2013,2,1,1,53,Xi Jinping|53,Xi Jinping,3,President,http://www.gov.cn/ldhd/2013-03/22/content_2360285.htm,January 11 2022,NA,NA,Europe,55.7506,37.6175,5809.313471098180
138,Tanzania,2013,TZA,March 24 2013,March 25 2013,1,1,2,53,Xi Jinping|53,Xi Jinping,3,President,http://za.china-embassy.org/chn/zgxw/201303/t20130324_6183780.htm,January 11 2022,NA,NA,Africa,-6.1731,35.7419,9657.427156679740
139,South Africa,2013,ZAF,March 25 2013,March 29 2013,4,1,3,53,Xi Jinping|53,Xi Jinping,3,President,https://www.fmprc.gov.cn/ce/cgsf/chn/zgxw/t1025077.htm,January 11 2022,BRICS,NA,Africa,-33.9253,18.4239,12945.448035849100
140,"Congo, Republic of",2013,COG,March 29 2013,March 30 2013,1,1,4,53,Xi Jinping|53,Xi Jinping,3,President,http://politics.people.com.cn/n/2013/0330/c1001-20971685.html,January 11 2022,NA,NA,Africa,-4.2667,15.2667,11265.762226257400
141,Trinidad and Tobago,2013,TTO,May 31 2013,June 2 2013,2,1,1,54,Xi Jinping|54,Xi Jinping,3,President,http://www.gov.cn/ldhd/2013-06/01/content_2416651.htm,January 11 2022,NA,NA,Americas,10.6667,-61.5167,14401.373061320500
142,Costa Rica,2013,CRI,June 2 2013,June 4 2013,2,1,2,54,Xi Jinping|54,Xi Jinping,3,President,http://www.gov.cn/ldhd/2013-06/03/content_2417741.htm,January 11 2022,NA,NA,Americas,9.9325,-84.08,14098.906947056000
143,Mexico,2013,MEX,June 4 2013,June 6 2013,2,1,3,54,Xi Jinping|54,Xi Jinping,3,President,http://www.gov.cn/ldhd/2013-06/05/content_2419419.htm,January 11 2022,NA,NA,Americas,19.4333,-99.1333,12476.869047922800
144,Turkmenistan,2013,TKM,September 3 2013,September 4 2013,1,1,1,55,Xi Jinping|55,Xi Jinping,3,President,http://www.gov.cn/ldhd/2013-09/03/content_2480606.htm,January 11 2022,NA,NA,Asia,37.9375,58.38,4946.433228108020
145,Kazakhstan,2013,KAZ,September 6 2013,September 8 2013,2,1,2,55,Xi Jinping|55,Xi Jinping,3,President,http://www.gov.cn/ldhd/2013-09/07/content_2483066.htm,January 11 2022,NA,NA,Asia,51.1472,71.4222,3663.3535123454000
146,Uzbekistan,2013,UZB,September 8 2013,September 10 2013,2,1,3,55,Xi Jinping|55,Xi Jinping,3,President,http://www.gov.cn/ldhd/2013-09/08/content_2483983.htm,January 11 2022,NA,NA,Asia,41.3111,69.2797,3941.923515260980
147,Kyrgyz Republic,2013,KGZ,September 10 2013,September 12 2013,2,1,4,55,Xi Jinping|55,Xi Jinping,3,President,http://www.gov.cn/ldhd/2013-09/10/content_2485683.htm,January 11 2022,Shanghai Cooperation Organization,NA,Asia,42.8667,74.5667,3479.038913487960
148,Indonesia,2013,IDN,October 2 2013,October 3 2013,1,1,1,56,Xi Jinping|56,Xi Jinping,3,President,http://www.gov.cn/ldhd/2013-10/02/content_2499756.htm,January 11 2022,NA,NA,Asia,-6.175,106.8275,5195.8095348361600
149,Malaysia,2013,MYS,October 3 2013,October 5 2013,2,1,2,56,Xi Jinping|56,Xi Jinping,3,President,http://www.gov.cn/ldhd/2013-10/03/content_2500297.htm,January 11 2022,NA,NA,Asia,3.1686,101.698,4330.660041896570
150,Netherlands,2014,NLD,March 22 2014,March 25 2014,3,1,1,57,Xi Jinping|57,Xi Jinping,3,President,http://www.xinhuanet.com/world/2014-03/22/c_119895928.htm,January 11 2022,Nuclear Security Summit,NA,Europe,52.3728,4.8936,7843.416444963650
151,France,2014,FRA,March 25 2014,March 28 2014,3,1,2,57,Xi Jinping|57,Xi Jinping,3,President,http://www.xinhuanet.com//world/2014-03/26/c_119941536.htm,January 11 2022,NA,NA,Europe,48.8567,2.3522,8238.77077033595
152,Germany,2014,DEU,March 28 2014,March 30 2014,2,1,3,57,Xi Jinping|57,Xi Jinping,3,President,http://www.xinhuanet.com//world/2014-03/28/c_1110001822.htm,January 11 2022,NA,NA,Europe,52.52,13.405,7377.456964000470
153,Belgium,2014,BEL,March 30 2014,April 1 2014,2,1,4,57,Xi Jinping|57,Xi Jinping,3,President,http://www.xinhuanet.com//world/2014-03/30/c_1110013059.htm,January 11 2022,NA,NA,Europe,50.8467,4.3525,7983.3477348804
154,"Korea, Republic of",2014,KOR,July 3 2014,July 4 2014,1,0,1,,Xi Jinping|solo:154,Xi Jinping,3,President,https://www.fmprc.gov.cn/chn/pds/wjb/zzjg/yzs/xwlb/t1171067.htm,January 11 2022,NA,NA,Asia,37.5667,126.9833,954.7917254354350
155,Brazil,2014,BRA,July 15 2014,July 18 2014,3,1,1,59,Xi Jinping|59,Xi Jinping,3,President,https://www.fmprc.gov.cn/ce/ceka/chn/gyzg/zgyw/t1174928.htm,January 11 2022,China-LAC,NA,Americas,-15.7939,-47.8828,16933.504942329000
156,Argentina,2014,ARG,July 18 2014,July 20 2014,2,1,2,59,Xi Jinping|59,Xi Jinping,3,President,https://www.mfa.gov.cn/ce/cear/chn/sbxw/t1177318.htm,January 11 2022,NA,NA,Americas,-34.6036,-58.3814,19263.87548303640
157,"Venezuela, Rep. Bol.",2014,VEN,July 20 2014,July 21 2014,1,1,3,59,Xi Jinping|59,Xi Jinping,3,President,http://www.gov.cn/xinwen/2014-07/21/content_2720889.htm,January 11 2022,NA,NA,Americas,10.4806,-66.9036,14415.649609297900
158,Cuba,2014,CUB,July 21 2014,July 23 2014,2,1,4,59,Xi Jinping|59,Xi Jinping,3,President,http://www.xinhuanet.com/world/2014-07/22/c_1111735174.htm,January 11 2022,NA,NA,Americas,23.1367,-82.3589,12760.233922349700
159,Mongolia,2014,MNG,August 21 2014,August 22 2014,1,0,1,,Xi Jinping|solo:159,Xi Jinping,3,President,http://www.xinhuanet.com/world/cnleaders/xijinping/xjpcfmg/index.htm,January 11 2022,NA,NA,Asia,47.9214,106.9055,1171.2328680849300
160,Tajikistan,2014,TJK,September 11 2014,September 14 2014,3,1,1,61,Xi Jinping|61,Xi Jinping,3,President,http://www.gov.cn/xinwen/2014-09/11/content_2749167.htm,January 11 2022,Shanghai Cooperation Organization,NA,Asia,38.5367,68.78,4066.2957656649100
161,Maldives,2014,MDV,September 14 2014,September 16 2014,2,1,2,61,Xi Jinping|61,Xi Jinping,3,President,http://www.xinhuanet.com//politics/2014-09/15/c_1112474050.htm,January 11 2022,NA,NA,Asia,4.1753,73.5089,5844.987596127140
162,Sri Lanka,2014,LKA,September 16 2014,September 17 2014,1,1,3,61,Xi Jinping|61,Xi Jinping,3,President,http://www.xinhuanet.com//politics/2014-09/16/c_1112506011.htm,January 12 2022,NA,NA,Asia,6.9167,79.8333,5160.745316141560
163,India,2014,IND,September 17 2014,September 19 2014,2,1,4,61,Xi Jinping|61,Xi Jinping,3,President,http://www.xinhuanet.com//world/2014-09/17/c_1112523159.htm,January 12 2022,NA,NA,Asia,28.6139,77.2089,3786.246614675140
164,Australia,2014,AUS,November 16 2014,November 19 2014,3,1,1,62,Xi Jinping|62,Xi Jinping,3,President,https://world.chinadaily.com.cn/2014-11/15/content_18918398.htm,January 12 2022,G20 Leaders' Summit,NA,Oceania,-35.2931,149.1269,8977.611306861190
165,New Zealand,2014,NZL,November 19 2014,November 21 2014,2,1,2,62,Xi Jinping|62,Xi Jinping,3,President,https://world.chinadaily.com.cn/xjpg20/2014-11/19/content_18944165.htm,January 12 2022,NA,NA,Oceania,-41.2889,174.7772,10754.829316528500
166,Fiji,2014,FJI,November 21 2014,November 23 2014,2,1,3,62,Xi Jinping|62,Xi Jinping,3,President,https://epaper.gmw.cn/gmrb/html/2014-11/22/nw.D110000gmrb_20141122_4-01.htm,January 12 2022,NA,NA,Oceania,-18.1333,178.4333,9083.969931356640
167,Pakistan,2015,PAK,April 20 2015,April 21 2015,1,0,1,,Xi Jinping|solo:167,Xi Jinping,3,President,https://epaper.gmw.cn/gmrb/html/2015-04/21/nw.D110000gmrb_20150421_2-01.htm,January 12 2022,NA,NA,Asia,33.6931,73.0639,3890.363787500010
168,Kazakhstan,2015,KAZ,May 7 2015,May 8 2015,1,1,1,64,Xi Jinping|64,Xi Jinping,3,President,https://epaper.gmw.cn/gmrb/html/2015-05/08/nw.D110000gmrb_20150508_2-01.htm,January 12 2022,NA,NA,Asia,51.1472,71.4222,3663.3535123454000
169,Russian Federation,2015,RUS,May 8 2015,May 10 2015,2,1,2,64,Xi Jinping|64,Xi Jinping,3,President,http://www.gov.cn/xinwen/2015-05/09/content_2859364.htm,January 12 2022,Victory Day,NA,Europe,55.7506,37.6175,5809.313471098180
170,Belarus,2015,BLR,May 10 2015,May 12 2015,2,1,3,64,Xi Jinping|64,Xi Jinping,3,President,http://www.gov.cn/xinwen/2015-05/11/content_2859939.htm,January 12 2022,NA,NA,Europe,53.9006,27.5586,6485.518338341070
171,United States,2015,USA,September 22 2015,September 25 2015,3,0,1,,Xi Jinping|solo:171,Xi Jinping,3,President,http://www.xinhuanet.com//politics/2015-09/23/c_1116645657.htm,January 12 2022,NA,NA,Americas,38.9047,-77.0163,11171.267620605200
172,United Kingdom,2015,GBR,October 19 2015,October 23 2015,4,0,1,,Xi Jinping|solo:172,Xi Jinping,3,President,https://www.mfa.gov.cn/ce/cena/chn/zgyw/t1307425.htm,January 12 2022,NA,NA,Europe,51.5072,-0.1275,8162.979802551350
173,Vietnam,2015,VNM,November 5 2015,November 6 2015,1,1,1,67,Xi Jinping|67,Xi Jinping,3,President,http://hr.china-embassy.org/chn/gnxw/201511/t20151105_2597293.htm,January 12 2022,NA,NA,Asia,21,105.85,2323.9538310795200
174,Singapore,2015,SGP,November 6 2015,November 7 2015,1,1,2,67,Xi Jinping|67,Xi Jinping,3,President,https://www.fmprc.gov.cn/ce/ceae/chn/zgyw/t1312735.htm,January 12 2022,NA,NA,Asia,1.3,103.8,4461.914565010560
175,Zimbabwe,2015,ZWE,December 1 2015,December 2 2015,1,1,1,68,Xi Jinping|68,Xi Jinping,3,President,https://www.mfa.gov.cn/ce/cezanew//chn/znzfgx/2015/t1320572.htm,January 12 2022,NA,NA,Africa,-17.8292,31.0522,10878.299035670300
176,South Africa,2015,ZAF,December 2 2015,December 5 2015,3,1,2,68,Xi Jinping|68,Xi Jinping,3,President,http://www.xinhuanet.com/world/2015-12/02/c_1117336345.htm,January 12 2022,Forum on China-Africa Cooperation,NA,Africa,-33.9253,18.4239,12945.448035849100
177,Saudi Arabia,2016,SAU,January 19 2016,January 20 2016,1,1,1,69,Xi Jinping|69,Xi Jinping,3,President,http://www.gov.cn/guowuyuan/2016-01/19/content_5034499.htm,January 12 2022,NA,NA,Asia,24.65,46.71,6613.326978642350
178,Egypt,2016,EGY,January 20 2016,January 22 2016,2,1,2,69,Xi Jinping|69,Xi Jinping,3,President,http://www.gov.cn/xinwen/2016-01/21/content_5034864.htm,January 12 2022,NA,NA,Africa,30.0444,31.2358,7560.1201357495400
179,"Iran, I.R. of",2016,IRN,January 22 2016,January 23 2016,1,1,3,69,Xi Jinping|69,Xi Jinping,3,President,http://www.gov.cn/guowuyuan/2016-01/23/content_5035461.htm,January 12 2022,NA,NA,Asia,35.6889,51.3897,5617.704282097890
180,Czech Republic,2016,CZE,March 28 2016,March 30 2016,2,0,1,,Xi Jinping|solo:180,Xi Jinping,3,President,http://www.gov.cn/guowuyuan/2016-03/28/content_5059224.htm,January 12 2022,NA,NA,Europe,50.0875,14.4214,7476.227639743260
181,"Serbia, Republic of",2016,SRB,June 17 2016,June 19 2016,2,1,1,71,Xi Jinping|71,Xi Jinping,3,President,http://cn.chinadaily.com.cn/2016xivisiteeu/2016-06/17/content_25752781.htm,January 12 2022,NA,NA,Europe,44.8178,20.4569,7434.461504011140
182,Poland,2016,POL,June 19 2016,June 21 2016,2,1,2,71,Xi Jinping|71,Xi Jinping,3,President,http://www.gov.cn/xinwen/2016-06/20/content_5083658.htm,January 12 2022,NA,NA,Europe,52.23,21.0111,6960.073589530540
183,Uzbekistan,2016,UZB,June 21 2016,June 24 2016,3,1,3,71,Xi Jinping|71,Xi Jinping,3,President,https://www.mfa.gov.cn/ce/cetz//chn/zgyw/t1373977.htm,January 12 2022,Shanghai Cooperation Organization,NA,Asia,41.3111,69.2797,3941.923515260980
184,Cambodia,2016,KHM,October 13 2016,October 14 2016,1,1,1,72,Xi Jinping|72,Xi Jinping,3,President,http://www.xinhuanet.com//world/2016-10/13/c_1119710778.htm,January 12 2022,NA,NA,Asia,11.5696,104.921,3337.2164557080500
185,Bangladesh,2016,BGD,October 14 2016,October 15 2016,1,1,2,72,Xi Jinping|72,Xi Jinping,3,President,http://www.xinhuanet.com//world/2016-10/14/c_1119719986.htm,January 12 2022,NA,NA,Asia,23.7289,90.3944,3027.5947161752700
186,Ecuador,2016,ECU,November 17 2016,November 18 2016,1,1,1,73,Xi Jinping|73,Xi Jinping,3,President,http://www.xinhuanet.com/world/2016-11/18/c_1119939946.htm,January 12 2022,NA,NA,Americas,-0.22,-78.5125,15358.449966369300
187,Peru,2016,PER,November 18 2016,November 22 2016,4,1,2,73,Xi Jinping|73,Xi Jinping,3,President,http://www.xinhuanet.com//world/2016-11/19/c_1119945454.htm,January 12 2022,APEC Economic Leaders' Meeting,NA,Americas,-12.06,-77.0375,16651.248014204600
188,Chile,2016,CHL,November 22 2016,November 23 2016,1,1,3,73,Xi Jinping|73,Xi Jinping,3,President,http://www.xinhuanet.com//world/2016-11/23/c_1119967662.htm,January 12 2022,NA,NA,Americas,-33.4372,-70.6506,19058.186758651200
189,Switzerland,2017,CHE,January 15 2017,January 19 2017,4,0,1,,Xi Jinping|solo:189,Xi Jinping,3,President,http://www.xinhuanet.com//politics/2017-01/15/c_1120315831.htm,January 12 2022,Davos & International Organizations,NA,Europe,46.948,7.4474,8096.719712342530
190,Finland,2017,FIN,April 4 2017,April 6 2017,2,0,1,,Xi Jinping|solo:190,Xi Jinping,3,President,http://china.chinadaily.com.cn/2017-04/05/content_28807833.htm,January 12 2022,NA,NA,Europe,60.1708,24.9375,6339.186023886990
191,Kazakhstan,2017,KAZ,June 7 2017,June 10 2017,3,0,1,,Xi Jinping|solo:191,Xi Jinping,3,President,https://www.mfa.gov.cn/ce/cesg//chn/jrzg/t1468562.htm,January 12 2022,Shanghai Cooperation Organization,NA,Asia,51.1472,71.4222,3663.3535123454000
192,Russian Federation,2017,RUS,July 3 2017,July 4 2017,1,1,1,77,Xi Jinping|77,Xi Jinping,3,President,http://www.gov.cn/xinwen/2017-07/03/content_5207734.htm,January 12 2022,NA,NA,Europe,55.7506,37.6175,5809.313471098180
193,Germany,2017,DEU,July 4 2017,July 8 2017,4,1,2,77,Xi Jinping|77,Xi Jinping,3,President,http://www.xinhuanet.com//politics/2017-07/05/c_1121263931.htm,January 12 2022,G20 Leaders' Summit,NA,Europe,52.52,13.405,7377.456964000470
194,Vietnam,2017,VNM,November 10 2017,November 13 2017,3,1,1,78,Xi Jinping|78,Xi Jinping,3,President,http://www.gov.cn/xinwen/2017-11/12/content_5239068.htm,January 12 2022,NA,NA,Asia,21,105.85,2323.9538310795200
195,Lao People's Dem.Rep,2017,LAO,November 13 2017,November 14 2017,1,1,2,78,Xi Jinping|78,Xi Jinping,3,President,http://www.gov.cn/xinwen/2017-11/13/content_5239367.htm,January 12 2022,NA,NA,Asia,17.98,102.63,2768.5919144738700
196,United Arab Emirates,2018,ARE,July 19 2018,July 21 2018,2,1,1,79,Xi Jinping|79,Xi Jinping,3,President,http://www.xinhuanet.com/politics/leaders/2018-07/20/c_1123151532.htm,January 12 2022,NA,NA,Asia,24.4667,54.3667,5972.897868673700
197,Senegal,2018,SEN,July 21 2018,July 22 2018,1,1,2,79,Xi Jinping|79,Xi Jinping,3,President,http://www.xinhuanet.com/politics/leaders/2018-07/22/c_1123159260.htm,January 12 2022,NA,NA,Africa,14.6726,-17.432,12312.700412156800
198,Rwanda,2018,RWA,July 22 2018,July 23 2018,1,1,3,79,Xi Jinping|79,Xi Jinping,3,President,http://www.xinhuanet.com/politics/leaders/2018-07/23/c_1123161159.htm,January 12 2022,NA,NA,Africa,-1.9536,30.0606,9838.07905134072
199,South Africa,2018,ZAF,July 23 2018,July 27 2018,4,1,4,79,Xi Jinping|79,Xi Jinping,3,President,https://epaper.gmw.cn/gmrb/html/2018-07/25/nw.D110000gmrb_20180725_3-01.htm,January 12 2022,BRICS,NA,Africa,-33.9253,18.4239,12945.448035849100
200,Mauritius,2018,MUS,July 27 2018,July 28 2018,1,1,5,79,Xi Jinping|79,Xi Jinping,3,President,https://epaper.gmw.cn/gmrb/html/2018-07/29/nw.D110000gmrb_20180729_2-01.htm,January 12 2022,NA,NA,Africa,-20.1644,57.5042,9027.1913100952
201,Papua New Guinea,2018,PNG,November 15 2018,November 18 2018,3,1,1,80,Xi Jinping|80,Xi Jinping,3,President,http://www.xinhuanet.com/politics/leaders/2018-11/15/c_1123719815.htm,January 12 2022,APEC Economic Leaders' Meeting & Pacific Island Countries,NA,Oceania,-9.4789,147.14940000000000,6319.397611350750
202,Brunei Darussalam,2018,BRN,November 18 2018,November 20 2018,2,1,2,80,Xi Jinping|80,Xi Jinping,3,President,http://www.xinhuanet.com/politics/leaders/2018-11/18/c_1123731441.htm,January 12 2022,NA,NA,Asia,4.8903,114.9422,3880.9315100913100
203,Philippines,2018,PHL,November 20 2018,November 21 2018,1,1,3,80,Xi Jinping|80,Xi Jinping,3,President,https://epaper.gmw.cn/gmrb/html/2018-11/21/nw.D110000gmrb_20181121_3-01.htm,January 12 2022,NA,NA,Asia,14.5958,120.9772,2839.8394695885400
204,Spain,2018,ESP,November 27 2018,November 29 2018,2,1,1,81,Xi Jinping|81,Xi Jinping,3,President,https://epaper.gmw.cn/gmrb/html/2018-11/28/nw.D110000gmrb_20181128_1-01.htm,January 12 2022,NA,NA,Europe,40.4169,-3.7033,9244.891497656260
205,Argentina,2018,ARG,November 29 2018,December 2 2018,3,1,2,81,Xi Jinping|81,Xi Jinping,3,President,http://www.xinhuanet.com/politics/leaders/2018-11/30/c_1123788506.htm,January 12 2022,G20 Leaders' Summit,NA,Americas,-34.6036,-58.3814,19263.87548303640
206,Panama,2018,PAN,December 2 2018,December 3 2018,1,1,3,81,Xi Jinping|81,Xi Jinping,3,President,http://www.gov.cn/xinwen/2018-12/03/content_5345362.htm,January 12 2022,NA,NA,Americas,8.9711,-79.5347,14351.156041418100
207,Portugal,2018,PRT,December 4 2018,December 5 2018,1,1,4,81,Xi Jinping|81,Xi Jinping,3,President,http://www.xinhuanet.com/politics/leaders/2018-12/04/c_1123807254.htm,January 12 2022,NA,NA,Europe,38.7122,-9.134,9690.967143302890
208,Italy,2019,ITA,March 21 2019,March 24 2019,3,1,1,82,Xi Jinping|82,Xi Jinping,3,President,http://www.xinhuanet.com/politics/leaders/2019-03/22/c_1124266654.htm,January 12 2022,NA,NA,Europe,41.8931,12.4828,8147.144457193310
209,Monaco,2019,MCO,March 24 2019,March 24 2019,1,1,2,82,Xi Jinping|82,Xi Jinping,3,President,http://www.xinhuanet.com/world/2019-03/24/c_1124275798.htm,January 12 2022,NA,NA,Europe,43.7333,7.4167,8332.562123132020
210,France,2019,FRA,March 24 2019,March 26 2019,2,1,3,82,Xi Jinping|82,Xi Jinping,3,President,http://www.xinhuanet.com/politics/leaders/2019-03/25/c_1124276580.htm,January 12 2022,NA,NA,Europe,48.8567,2.3522,8238.77077033595
211,Russian Federation,2019,RUS,June 5 2019,June 7 2019,2,0,1,,Xi Jinping|solo:211,Xi Jinping,3,President,http://www.xinhuanet.com/world/cnleaders/xijinping/xjpcfrus1906/elszx.htm,January 12 2022,St. Petersburg International Economic Forum,NA,Europe,55.7506,37.6175,5809.313471098180
212,Kyrgyz Republic,2019,KGZ,June 12 2019,June 14 2019,2,1,1,84,Xi Jinping|84,Xi Jinping,3,President,http://www.xinhuanet.com/politics/leaders/2019-06/13/c_1124615059.htm,January 12 2022,Shanghai Cooperation Organization,NA,Asia,42.8667,74.5667,3479.038913487960
213,Tajikistan,2019,TJK,June 14 2019,June 16 2019,2,1,2,84,Xi Jinping|84,Xi Jinping,3,President,http://www.xinhuanet.com/politics/leaders/2019-06/15/c_1124625879.htm,January 12 2022,Conference on Interaction and Confidence-Building Measures in Asia,NA,Asia,38.5367,68.78,4066.2957656649100
214,North Korea,2019,PRK,June 20 2019,June 21 2019,1,0,1,,Xi Jinping|solo:214,Xi Jinping,3,President,http://www.xinhuanet.com/politics/leaders/2019-06/20/c_1124650616.htm,January 12 2022,NA,NA,Asia,39.0167,125.7475,809.4641408419890
215,Nepal,2019,NPL,October 12 2019,October 13 2019,1,0,1,,Xi Jinping|solo:215,Xi Jinping,3,President,http://www.xinhuanet.com/world/2019-10/12/c_1125097588.htm,January 12 2022,NA,NA,Asia,27.71,85.32,3158.6804807292900
216,Greece,2019,GRC,November 10 2019,November 12 2019,2,0,1,,Xi Jinping|solo:216,Xi Jinping,3,President,http://www.xinhuanet.com/world/2019-11/11/c_1125215003.htm,January 12 2022,NA,NA,Europe,37.9842,23.7281,7634.910503329010
217,Myanmar,2020,MMR,January 17 2020,January 18 2020,1,0,1,,Xi Jinping|solo:217,Xi Jinping,3,President,http://www.xinhuanet.com/politics/leaders/2020-01/17/c_1125475101.htm,January 12 2022,NA,NA,Asia,16.795,96.16,3223.410875290340
221,United Kingdom,1998,GBR,March 31 1998,April 5 1998,5,1,1,2,Zhu Rongji|2,Zhu Rongji,1,Premier,https://www.gmw.cn/01gmrb/1998-04/01/GB/17649%5EGM1-0121.HTM,January 13 2022,Asia-Europe Meeting,NA,Europe,51.5072,-0.1275,8162.979802551350
222,France,1998,FRA,April 5 1998,April 7 1998,2,1,2,2,Zhu Rongji|2,Zhu Rongji,1,Premier,https://www.gmw.cn/01gmrb/1998-04/08/GB/17656%5EGM1-0812.HTM,January 13 2022,NA,NA,Europe,48.8567,2.3522,8238.77077033595
223,Russian Federation,1999,RUS,February 24 1999,February 27 1999,3,0,1,,Zhu Rongji|solo:223,Zhu Rongji,1,Premier,https://www.gmw.cn/01gmrb/1999-02/25/GB/17978%5EGM1-2519.HTM,January 13 2022,NA,NA,Europe,55.7506,37.6175,5809.313471098180
224,United States,1999,USA,April 6 1999,April 14 1999,8,1,1,4,Zhu Rongji|4,Zhu Rongji,1,Premier,https://www.gmw.cn/01gmrb/1999-04/07/GB/18019%5EGM1-0716.HTM,January 13 2022,NA,NA,Americas,38.9047,-77.0163,11171.267620605200
225,Canada,1999,CAN,April 14 1999,April 20 1999,6,1,2,4,Zhu Rongji|4,Zhu Rongji,1,Premier,https://www.gmw.cn/01gmrb/1999-04/16/GB/18028%5EGM1-1614.HTM,January 13 2022,NA,NA,Americas,45.4247,-75.695,10476.325449049400
226,Malaysia,1999,MYS,November 22 1999,November 26 1999,4,1,1,5,Zhu Rongji|5,Zhu Rongji,1,Premier,https://www.gmw.cn/01gmrb/1999-11/23/GB/GM%5E18249%5E1%5EGM1-2311.HTM,January 13 2022,NA,NA,Asia,3.1686,101.698,4330.660041896570
227,Philippines,1999,PHL,November 26 1999,November 29 1999,3,1,2,5,Zhu Rongji|5,Zhu Rongji,1,Premier,https://www.gmw.cn/01gmrb/1999-11/27/GB/GM%5E18253%5E1%5EGM1-2713.HTM,January 13 2022,ASEAN,NA,Asia,14.5958,120.9772,2839.8394695885400
228,Singapore,1999,SGP,November 29 1999,December 1 1999,2,1,3,5,Zhu Rongji|5,Zhu Rongji,1,Premier,https://www.gmw.cn/01gmrb/1999-11/30/GB/GM%5E18256%5E1%5EGM1-3005.HTM,January 13 2022,NA,NA,Asia,1.3,103.8,4461.914565010560
229,Vietnam,1999,VNM,December 1 1999,December 4 1999,3,1,4,5,Zhu Rongji|5,Zhu Rongji,1,Premier,https://www.gmw.cn/01gmrb/1999-12/02/GB/GM%5E18258%5E1%5EGM1-0209.HTM,January 13 2022,NA,NA,Asia,21,105.85,2323.9538310795200
230,Bulgaria,2000,BGR,June 27 2000,June 29 2000,2,1,1,6,Zhu Rongji|6,Zhu Rongji,1,Premier,https://www.gmw.cn/01gmrb/2000-06/16/GB/06%5E18453%5E0%5EGMA1-114.htm,January 14 2022,NA,NA,Europe,42.6979,23.3217,7371.9439515947200
231,Germany,2000,DEU,June 29 2000,July 3 2000,4,1,2,6,Zhu Rongji|6,Zhu Rongji,1,Premier,https://www.gmw.cn/01gmrb/2000-07/01/GB/06%5E18468%5E0%5EGMA1-014.htm,January 14 2022,NA,NA,Europe,52.52,13.405,7377.456964000470
232,Luxembourg,2000,LUX,July 3 2000,July 4 2000,1,1,3,6,Zhu Rongji|6,Zhu Rongji,1,Premier,https://www.gmw.cn/01gmrb/2000-07/05/GB/07%5E18472%5E0%5EGMA1-007.htm,January 14 2022,NA,NA,Europe,49.6117,6.1319,7977.972409922070
233,Netherlands,2000,NLD,July 4 2000,July 5 2000,1,1,4,6,Zhu Rongji|6,Zhu Rongji,1,Premier,https://www.gmw.cn/01gmrb/2000-07/06/GB/07%5E18473%5E0%5EGMA1-011.htm,January 14 2022,NA,NA,Europe,52.3728,4.8936,7843.416444963650
234,Italy,2000,ITA,July 5 2000,July 9 2000,4,1,5,6,Zhu Rongji|6,Zhu Rongji,1,Premier,https://www.gmw.cn/01gmrb/2000-07/07/GB/07%5E18474%5E0%5EGMA1-016.htm,January 14 2022,NA,NA,Europe,41.8931,12.4828,8147.144457193310
235,Belgium,2000,BEL,July 9 2000,July 11 2000,2,1,6,6,Zhu Rongji|6,Zhu Rongji,1,Premier,https://www.gmw.cn/01gmrb/2000-07/11/GB/07%5E18478%5E0%5EGMA1-109.htm,January 14 2022,NA,NA,Europe,50.8467,4.3525,7983.3477348804
236,Japan,2000,JPN,October 12 2000,October 17 2000,5,1,1,7,Zhu Rongji|7,Zhu Rongji,1,Premier,https://www.gmw.cn/01gmrb/2000-10/13/GB/10%5E18572%5E0%5EGMA1-110.htm,January 14 2022,NA,NA,Asia,35.687,139.7495,2101.9517286556700
237,"Korea, Republic of",2000,KOR,October 17 2000,October 22 2000,5,1,2,7,Zhu Rongji|7,Zhu Rongji,1,Premier,https://www.gmw.cn/01gmrb/2000-10/18/GB/10%5E18577%5E0%5EGMA1-107.htm,January 14 2022,Asia-Europe Meeting,NA,Asia,37.5667,126.9833,954.7917254354350
238,Pakistan,2001,PAK,May 11 2001,May 14 2001,3,1,1,8,Zhu Rongji|8,Zhu Rongji,1,Premier,https://www.gmw.cn/01gmrb/2001-05/12/01-C7A06C472FAB112C48256A490082B5A5.htm,January 14 2022,NA,NA,Asia,33.6931,73.0639,3890.363787500010
239,Nepal,2001,NPL,May 14 2001,May 16 2001,2,1,2,8,Zhu Rongji|8,Zhu Rongji,1,Premier,https://www.chinanews.com.cn/2001-05-16/26/91632.html,January 14 2022,NA,NA,Asia,27.71,85.32,3158.6804807292900
240,Maldives,2001,MDV,May 16 2001,May 17 2001,1,1,3,8,Zhu Rongji|8,Zhu Rongji,1,Premier,https://www.chinanews.com.cn/2001-05-16/26/91632.html,January 14 2022,NA,NA,Asia,4.1753,73.5089,5844.987596127140
241,Sri Lanka,2001,LKA,May 17 2001,May 19 2001,2,1,4,8,Zhu Rongji|8,Zhu Rongji,1,Premier,https://www.gmw.cn/01gmrb/2001-05/18/01-2E2CDE4D987438C648256A4F008052A7.htm,January 14 2022,NA,NA,Asia,6.9167,79.8333,5160.745316141560
242,Thailand,2001,THA,May 19 2001,May 22 2001,3,1,5,8,Zhu Rongji|8,Zhu Rongji,1,Premier,https://www.gmw.cn/01gmrb/2001-05/20/01-01736F9DF706961448256A5200002258.htm,January 14 2022,NA,NA,Asia,13.7525,100.4942,3289.2821459423700
243,Ireland,2001,IRL,September 2 2001,September 5 2001,3,1,1,9,Zhu Rongji|9,Zhu Rongji,1,Premier,https://www.gmw.cn/01gmrb/2001-09/03/01-6A254E4C0F768D4C48256ABB00812A69.htm,January 15 2022,NA,NA,Europe,53.3497,-6.2603,8304.716070557830
244,Belgium,2001,BEL,September 5 2001,September 7 2001,2,1,2,9,Zhu Rongji|9,Zhu Rongji,1,Premier,https://www.gmw.cn/01gmrb/2001-09/06/01-97E0B2D183D0273548256ABE0082596B.htm,January 15 2022,China-EU Summit,NA,Europe,50.8467,4.3525,7983.3477348804
245,Russian Federation,2001,RUS,September 7 2001,September 12 2001,5,1,3,9,Zhu Rongji|9,Zhu Rongji,1,Premier,https://www.gmw.cn/01gmrb/2001-09/08/01-4127CB5E1B8DC1E448256AC000657B05.htm,January 15 2022,NA,NA,Europe,55.7506,37.6175,5809.313471098180
246,Kazakhstan,2001,KAZ,September 12 2001,September 15 2001,3,1,4,9,Zhu Rongji|9,Zhu Rongji,1,Premier,https://www.gmw.cn/01gmrb/2001-09/13/01-47D2AC81280380BA48256AC500823175.htm,January 15 2022,Shanghai Cooperation Organization,NA,Asia,51.1472,71.4222,3663.3535123454000
247,Indonesia,2001,IDN,November 7 2001,November 11 2001,4,0,1,,Zhu Rongji|solo:247,Zhu Rongji,1,Premier,https://www.chinanews.com.cn/2001-11-07/26/136792.html,January 15 2022,NA,NA,Asia,-6.175,106.8275,5195.8095348361600
248,Bangladesh,2002,BGD,January 11 2002,January 13 2002,2,1,1,11,Zhu Rongji|11,Zhu Rongji,1,Premier,https://www.chinanews.com.cn/2002-01-11/26/153713.html,January 15 2022,NA,NA,Asia,23.7289,90.3944,3027.5947161752700
249,India,2002,IND,January 13 2002,January 18 2002,5,1,2,11,Zhu Rongji|11,Zhu Rongji,1,Premier,https://www.gmw.cn/01gmrb/2002-01/14/01-50E67DA549976B7F48256B4000810626.htm,January 15 2022,NA,NA,Asia,28.6139,77.2089,3786.246614675140
250,Turkey,2002,TUR,April 15 2002,April 19 2002,4,1,1,12,Zhu Rongji|12,Zhu Rongji,1,Premier,https://www.gmw.cn/01gmrb/2002-04/16/01-3FFCEBE16DBFBD7548256B9C0080CBBF.htm,January 15 2022,NA,NA,Asia,39.93,32.85,6851.117849572520
251,Egypt,2002,EGY,April 19 2002,April 23 2002,4,1,2,12,Zhu Rongji|12,Zhu Rongji,1,Premier,https://www.gmw.cn/01gmrb/2002-04/20/01-762022DF0ED95BF048256BA1000C7DE4.htm,January 15 2022,NA,NA,Africa,30.0444,31.2358,7560.1201357495400
252,Kenya,2002,KEN,April 23 2002,April 26 2002,3,1,3,12,Zhu Rongji|12,Zhu Rongji,1,Premier,https://www.gmw.cn/01gmrb/2002-04/24/01-C458130BA633D8D748256BA400805621.htm,January 15 2022,NA,NA,Africa,-1.2864,36.8172,9215.640061220100
253,Algeria,2002,DZA,August 25 2002,August 27 2002,2,1,1,13,Zhu Rongji|13,Zhu Rongji,1,Premier,https://www.gmw.cn/01gmrb/2002-08/26/01-6F3A2FC82093A12148256C21000043D7.htm,January 15 2022,NA,NA,Africa,36.7325,3.0872,9132.03076734492
254,Morocco,2002,MAR,August 27 2002,August 29 2002,2,1,2,13,Zhu Rongji|13,Zhu Rongji,1,Premier,https://www.gmw.cn/01gmrb/2002-08/28/01-78E53EEE8D7C952148256C2300002B29.htm,January 15 2022,NA,NA,Africa,34.0209,-6.8416,9963.768407706260
255,Cameroon,2002,CMR,August 29 2002,August 31 2002,2,1,3,13,Zhu Rongji|13,Zhu Rongji,1,Premier,https://www.gmw.cn/01gmrb/2002-08/30/01-64D3CEDBE30D37DE48256C2400826C04.htm,January 15 2022,NA,NA,Africa,3.8667,11.5167,10997.969547251700
256,South Africa,2002,ZAF,August 31 2002,September 6 2002,6,1,4,13,Zhu Rongji|13,Zhu Rongji,1,Premier,https://www.gmw.cn/01gmrb/2002-09/01/01-7972188271205DA448256C27000116F7.htm,January 15 2022,Earth Summit,NA,Africa,-33.9253,18.4239,12945.448035849100
257,Austria,2002,AUT,September 19 2002,September 22 2002,3,1,1,14,Zhu Rongji|14,Zhu Rongji,1,Premier,https://www.gmw.cn/01gmrb/2002-09/21/02-84DD9B9FA7A5A5AE48256C3B00115121.htm,January 15 2022,NA,NA,Europe,48.2083,16.3725,7480.373935318700
258,Denmark,2002,DNK,September 22 2002,September 26 2002,4,1,2,14,Zhu Rongji|14,Zhu Rongji,1,Premier,https://www.gmw.cn/01gmrb/2002-09/23/01-6EB68BBF9022BD3E48256C3D0003FB3B.htm,January 15 2022,Asia-Europe Meeting & China-EU Summit,NA,Europe,55.6805,12.5615,7221.262420520210
259,France,2002,FRA,September 26 2002,September 28 2002,2,1,3,14,Zhu Rongji|14,Zhu Rongji,1,Premier,https://www.fmprc.gov.cn/web/gjhdq_676201/gj_676203/oz_678770/1206_679134/xgxw_679140/200209/t20020927_9338321.shtml,January 15 2022,NA,NA,Europe,48.8567,2.3522,8238.77077033595
260,Cambodia,2002,KHM,November 1 2002,November 5 2002,4,0,1,,Zhu Rongji|solo:260,Zhu Rongji,1,Premier,https://www.gmw.cn/01gmrb/2002-11/02/02-71CDB9D04DADFEEF48256C64008305C7.htm,January 15 2022,ASEAN,NA,Asia,11.5696,104.921,3337.2164557080500
261,United States,2003,USA,December 7 2003,December 10 2003,3,1,1,16,Wen Jiabao|16,Wen Jiabao,2,Premier,https://www.gmw.cn/01gmrb/2003-12/09/01-6FFA4510CDECC46048256DF6008328D3.htm,January 15 2022,NA,NA,Americas,38.9047,-77.0163,11171.267620605200
262,Canada,2003,CAN,December 10 2003,December 12 2003,2,1,2,16,Wen Jiabao|16,Wen Jiabao,2,Premier,https://www.gmw.cn/01gmrb/2003-12/13/02-FE25E9E7E35B769548256DFA0082FB26.htm,January 15 2022,NA,NA,Americas,45.4247,-75.695,10476.325449049400
263,Mexico,2003,MEX,December 12 2003,December 13 2003,1,1,3,16,Wen Jiabao|16,Wen Jiabao,2,Premier,https://www.fmprc.gov.cn/ce/cohk/chn/zt/2003zt/wzlsg/t56166.htm,January 15 2022,NA,NA,Americas,19.4333,-99.1333,12476.869047922800
264,Ethiopia,2003,ETH,December 14 2003,December 16 2003,2,1,4,16,Wen Jiabao|16,Wen Jiabao,2,Premier,https://www.fmprc.gov.cn/ce/cohk/chn/zt/2003zt/wzlsg/t56236.htm,January 15 2022,Forum on China-Africa Cooperation,NA,Africa,9.03,38.74,8321.79811036877
265,Germany,2004,DEU,May 2 2004,May 5 2004,3,1,1,17,Wen Jiabao|17,Wen Jiabao,2,Premier,https://www.gmw.cn/01gmrb/2004-05/03/content_20578.htm,January 15 2022,NA,NA,Europe,52.52,13.405,7377.456964000470
266,Belgium,2004,BEL,May 5 2004,May 6 2004,1,1,2,17,Wen Jiabao|17,Wen Jiabao,2,Premier,https://www.gmw.cn/01gmrb/2004-05/07/content_20980.htm,January 15 2022,NA,NA,Europe,50.8467,4.3525,7983.3477348804
267,Italy,2004,ITA,May 6 2004,May 9 2004,3,1,3,17,Wen Jiabao|17,Wen Jiabao,2,Premier,https://www.gmw.cn/01gmrb/2004-05/08/content_21085.htm,January 15 2022,NA,NA,Europe,41.8931,12.4828,8147.144457193310
268,United Kingdom,2004,GBR,May 9 2004,May 11 2004,2,1,4,17,Wen Jiabao|17,Wen Jiabao,2,Premier,https://www.gmw.cn/01gmrb/2004-05/10/content_21888.htm,January 15 2022,NA,NA,Europe,51.5072,-0.1275,8162.979802551350
269,Ireland,2004,IRL,May 11 2004,May 12 2004,1,1,5,17,Wen Jiabao|17,Wen Jiabao,2,Premier,https://www.gmw.cn/01gmrb/2004-05/13/content_26863.htm,January 15 2022,NA,NA,Europe,53.3497,-6.2603,8304.716070557830
270,Kyrgyz Republic,2004,KGZ,September 21 2004,September 23 2004,2,1,1,18,Wen Jiabao|18,Wen Jiabao,2,Premier,https://www.gmw.cn/01gmrb/2004-09/22/content_104715.htm,January 15 2022,Shanghai Cooperation Organization,NA,Asia,42.8667,74.5667,3479.038913487960
271,Russian Federation,2004,RUS,September 23 2004,September 25 2004,2,1,2,18,Wen Jiabao|18,Wen Jiabao,2,Premier,https://www.gmw.cn/01gmrb/2004-09/24/content_106114.htm,January 15 2022,NA,NA,Europe,55.7506,37.6175,5809.313471098180
272,Vietnam,2004,VNM,October 6 2004,October 9 2004,3,0,1,,Wen Jiabao|solo:272,Wen Jiabao,2,Premier,https://www.gmw.cn/01gmrb/2004-10/08/content_110890.htm,January 15 2022,Asia-Europe Meeting,NA,Asia,21,105.85,2323.9538310795200
273,Lao People's Dem.Rep,2004,LAO,November 28 2004,November 30 2004,2,0,1,,Wen Jiabao|solo:273,Wen Jiabao,2,Premier,https://www.gmw.cn/01gmrb/2004-11/29/content_140022.htm,January 15 2022,ASEAN,NA,Asia,17.98,102.63,2768.5919144738700
274,Netherlands,2004,NLD,December 7 2004,December 9 2004,2,0,1,,Wen Jiabao|solo:274,Wen Jiabao,2,Premier,https://www.mfa.gov.cn/chn/pds/gjhdq/gj/oz/1206_18/xgxw/t173555.htm,January 15 2022,China-EU Summit,NA,Europe,52.3728,4.8936,7843.416444963650
275,Pakistan,2005,PAK,April 5 2005,April 7 2005,2,1,1,22,Wen Jiabao|22,Wen Jiabao,2,Premier,https://www.gmw.cn/01gmrb/2005-04/06/content_210596.htm,January 15 2022,Asia Cooperation Dialogue,NA,Asia,33.6931,73.0639,3890.363787500010
276,Bangladesh,2005,BGD,April 7 2005,April 8 2005,1,1,2,22,Wen Jiabao|22,Wen Jiabao,2,Premier,https://www.gmw.cn/01gmrb/2005-04/08/content_212215.htm,January 15 2022,NA,NA,Asia,23.7289,90.3944,3027.5947161752700
277,Sri Lanka,2005,LKA,April 8 2005,April 9 2005,1,1,3,22,Wen Jiabao|22,Wen Jiabao,2,Premier,https://www.fmprc.gov.cn/web/gjhdq_676201/gj_676203/yz_676205/1206_676884/1207_676896/200504/t20050412_9303257.shtml,January 15 2022,NA,NA,Asia,6.9167,79.8333,5160.745316141560
278,India,2005,IND,April 9 2005,April 12 2005,3,1,4,22,Wen Jiabao|22,Wen Jiabao,2,Premier,http://www.gov.cn/ldhd/2005-04/10/content_14508.htm,January 15 2022,NA,NA,Asia,28.6139,77.2089,3786.246614675140
279,France,2005,FRA,December 4 2005,December 7 2005,3,1,1,23,Wen Jiabao|23,Wen Jiabao,2,Premier,https://www.gmw.cn/01gmrb/2005-12/05/content_340792.htm,January 15 2022,NA,NA,Europe,48.8567,2.3522,8238.77077033595
280,Slovak Republic,2005,SVK,December 7 2005,December 8 2005,1,1,2,23,Wen Jiabao|23,Wen Jiabao,2,Premier,https://www.gmw.cn/01gmrb/2005-12/08/content_342605.htm,January 15 2022,NA,NA,Europe,48.1447,17.1128,7439.160055726190
281,Czech Republic,2005,CZE,December 8 2005,December 9 2005,1,1,3,23,Wen Jiabao|23,Wen Jiabao,2,Premier,https://www.gmw.cn/01gmrb/2005-12/09/content_343350.htm,January 15 2022,NA,NA,Europe,50.0875,14.4214,7476.227639743260
282,Portugal,2005,PRT,December 9 2005,December 10 2005,1,1,4,23,Wen Jiabao|23,Wen Jiabao,2,Premier,https://www.gmw.cn/01gmrb/2005-12/11/content_344223.htm,January 15 2022,NA,NA,Europe,38.7122,-9.134,9690.967143302890
283,Malaysia,2005,MYS,December 11 2005,December 15 2005,4,1,5,23,Wen Jiabao|23,Wen Jiabao,2,Premier,https://www.gmw.cn/01gmrb/2005-12/12/content_344422.htm,January 15 2022,ASEAN,NA,Asia,3.1686,101.698,4330.660041896570
284,Australia,2006,AUS,April 1 2006,April 4 2006,3,1,1,24,Wen Jiabao|24,Wen Jiabao,2,Premier,https://www.gmw.cn/01gmrb/2006-04/02/content_397793.htm,January 15 2022,NA,NA,Oceania,-35.2931,149.1269,8977.611306861190
285,Fiji,2006,FJI,April 4 2006,April 5 2006,1,1,2,24,Wen Jiabao|24,Wen Jiabao,2,Premier,https://www.gmw.cn/01gmrb/2006-04/05/content_399120.htm,January 15 2022,China-Pacific Island Countries Economic Development and Cooperation Forum,NA,Oceania,-18.1333,178.4333,9083.969931356640
286,New Zealand,2006,NZL,April 5 2006,April 7 2006,2,1,3,24,Wen Jiabao|24,Wen Jiabao,2,Premier,https://www.gmw.cn/01gmrb/2006-04/06/content_399816.htm,January 15 2022,NA,NA,Oceania,-41.2889,174.7772,10754.829316528500
287,Cambodia,2006,KHM,April 7 2006,April 8 2006,1,1,4,24,Wen Jiabao|24,Wen Jiabao,2,Premier,https://www.gmw.cn/01gmrb/2006-04/08/content_401071.htm,January 15 2022,NA,NA,Asia,11.5696,104.921,3337.2164557080500
288,Egypt,2006,EGY,June 17 2006,June 18 2006,1,1,1,25,Wen Jiabao|25,Wen Jiabao,2,Premier,https://www.gmw.cn/01gmrb/2006-06/18/content_435503.htm,January 15 2022,NA,NA,Africa,30.0444,31.2358,7560.1201357495400
289,Ghana,2006,GHA,June 18 2006,June 19 2006,1,1,2,25,Wen Jiabao|25,Wen Jiabao,2,Premier,https://www.gmw.cn/01gmrb/2006-06/20/content_436423.htm,January 15 2022,NA,NA,Africa,5.5461,-0.2067,11827.418115901900
290,"Congo, Republic of",2006,COG,June 19 2006,June 20 2006,1,1,3,25,Wen Jiabao|25,Wen Jiabao,2,Premier,https://www.gmw.cn/01gmrb/2006-06/21/content_437142.htm,January 15 2022,NA,NA,Africa,-4.2667,15.2667,11265.762226257400
291,Angola,2006,AGO,June 20 2006,June 21 2006,1,1,4,25,Wen Jiabao|25,Wen Jiabao,2,Premier,https://www.gmw.cn/01gmrb/2006-06/22/content_437780.htm,January 15 2022,NA,NA,Africa,-8.8383,13.2344,11760.442844554200
292,South Africa,2006,ZAF,June 21 2006,June 22 2006,1,1,5,25,Wen Jiabao|25,Wen Jiabao,2,Premier,https://www.gmw.cn/01gmrb/2006-06/23/content_438332.htm,January 15 2022,NA,NA,Africa,-33.9253,18.4239,12945.448035849100
293,Tanzania,2006,TZA,June 22 2006,June 23 2006,1,1,6,25,Wen Jiabao|25,Wen Jiabao,2,Premier,https://www.gmw.cn/01gmrb/2006-06/24/content_439137.htm,January 15 2022,NA,NA,Africa,-6.1731,35.7419,9657.427156679740
294,Uganda,2006,UGA,June 23 2006,June 24 2006,1,1,7,25,Wen Jiabao|25,Wen Jiabao,2,Premier,https://www.gmw.cn/01gmrb/2006-06/25/content_439518.htm,January 15 2022,NA,NA,Africa,0.3136,32.5811,9462.047248695530
295,Finland,2006,FIN,September 9 2006,September 12 2006,3,1,1,26,Wen Jiabao|26,Wen Jiabao,2,Premier,https://www.gmw.cn/01gmrb/2006-09/10/content_477588.htm,January 15 2022,Asia-Europe Meeting & China-EU Summit,NA,Europe,60.1708,24.9375,6339.186023886990
296,United Kingdom,2006,GBR,September 12 2006,September 13 2006,1,1,2,26,Wen Jiabao|26,Wen Jiabao,2,Premier,https://www.gmw.cn/01gmrb/2006-09/14/content_479666.htm,January 15 2022,NA,NA,Europe,51.5072,-0.1275,8162.979802551350
297,Germany,2006,DEU,September 13 2006,September 14 2006,1,1,3,26,Wen Jiabao|26,Wen Jiabao,2,Premier,http://www.gov.cn/ldhd/2006-09/14/content_388141.htm,January 15 2022,NA,NA,Europe,52.52,13.405,7377.456964000470
298,Tajikistan,2006,TJK,September 14 2006,September 16 2006,2,1,4,26,Wen Jiabao|26,Wen Jiabao,2,Premier,https://www.gmw.cn/01gmrb/2006-09/16/content_480778.htm,January 15 2022,Shanghai Cooperation Organization,NA,Asia,38.5367,68.78,4066.2957656649100
299,Philippines,2007,PHL,January 15 2007,January 16 2007,1,0,1,,Wen Jiabao|solo:299,Wen Jiabao,2,Premier,https://www.gmw.cn/01gmrb/2007-01/16/content_536436.htm,January 15 2022,ASEAN,NA,Asia,14.5958,120.9772,2839.8394695885400
300,"Korea, Republic of",2007,KOR,April 10 2007,April 11 2007,1,1,1,28,Wen Jiabao|28,Wen Jiabao,2,Premier,https://www.gmw.cn/01gmrb/2007-04/11/content_588277.htm,January 15 2022,NA,NA,Asia,37.5667,126.9833,954.7917254354350
301,Japan,2007,JPN,April 11 2007,April 13 2007,2,1,2,28,Wen Jiabao|28,Wen Jiabao,2,Premier,https://www.gmw.cn/01gmrb/2007-04/12/content_589135.htm,January 15 2022,NA,NA,Asia,35.687,139.7495,2101.9517286556700
302,Uzbekistan,2007,UZB,November 2 2007,November 3 2007,1,1,1,29,Wen Jiabao|29,Wen Jiabao,2,Premier,https://www.gmw.cn/01gmrb/2007-11/03/content_692535.htm,January 15 2022,Shanghai Cooperation Organization,NA,Asia,41.3111,69.2797,3941.923515260980
303,Turkmenistan,2007,TKM,November 3 2007,November 4 2007,1,1,2,29,Wen Jiabao|29,Wen Jiabao,2,Premier,https://www.gmw.cn/01gmrb/2007-11/04/content_692606.htm,January 15 2022,NA,NA,Asia,37.9375,58.38,4946.433228108020
304,Belarus,2007,BLR,November 4 2007,November 5 2007,1,1,3,29,Wen Jiabao|29,Wen Jiabao,2,Premier,https://www.gmw.cn/01gmrb/2007-11/05/content_692753.htm,January 15 2022,NA,NA,Europe,53.9006,27.5586,6485.518338341070
305,Russian Federation,2007,RUS,November 5 2007,November 7 2007,2,1,4,29,Wen Jiabao|29,Wen Jiabao,2,Premier,https://www.gmw.cn/01gmrb/2007-11/06/content_693386.htm,January 15 2022,NA,NA,Europe,55.7506,37.6175,5809.313471098180
306,Singapore,2007,SGP,November 18 2007,November 21 2007,3,0,1,,Wen Jiabao|solo:306,Wen Jiabao,2,Premier,http://www.gov.cn/ldhd/2007-11/19/content_809506.htm,January 15 2022,ASEAN,NA,Asia,1.3,103.8,4461.914565010560
307,Lao People's Dem.Rep,2008,LAO,March 29 2008,March 31 2008,2,0,1,,Wen Jiabao|solo:307,Wen Jiabao,2,Premier,https://www.gmw.cn/01gmrb/2008-03/30/content_754885.htm,January 15 2022,Greater Mekong Subregion Summit,NA,Asia,17.98,102.63,2768.5919144738700
308,Russian Federation,2008,RUS,October 27 2008,October 29 2008,2,1,1,32,Wen Jiabao|32,Wen Jiabao,2,Premier,https://epaper.gmw.cn/gmrb/html/2008-10/28/nw.D110000gmrb_20081028_6-01.htm,January 15 2022,NA,NA,Europe,55.7506,37.6175,5809.313471098180
309,Kazakhstan,2008,KAZ,October 29 2008,October 31 2008,2,1,2,32,Wen Jiabao|32,Wen Jiabao,2,Premier,http://www.gov.cn/ldhd/2008-10/29/content_1135260.htm,January 15 2022,Shanghai Cooperation Organization,NA,Asia,51.1472,71.4222,3663.3535123454000
310,Switzerland,2009,CHE,January 27 2009,January 28 2009,1,1,1,33,Wen Jiabao|33,Wen Jiabao,2,Premier,https://epaper.gmw.cn/gmrb/html/2009-01/28/nw.D110000gmrb_20090128_3-01.htm,January 15 2022,Davos,NA,Europe,46.948,7.4474,8096.719712342530
311,Germany,2009,DEU,January 28 2009,January 29 2009,1,1,2,33,Wen Jiabao|33,Wen Jiabao,2,Premier,http://www.gov.cn/ldhd/2009-01/29/content_1216763.htm,January 15 2022,NA,NA,Europe,52.52,13.405,7377.456964000470
312,Spain,2009,ESP,January 30 2009,January 31 2009,1,1,3,33,Wen Jiabao|33,Wen Jiabao,2,Premier,https://epaper.gmw.cn/gmrb/html/2009-02/01/nw.D110000gmrb_20090201_4-01.htm,January 15 2022,NA,NA,Europe,40.4169,-3.7033,9244.891497656260
313,United Kingdom,2009,GBR,January 31 2009,February 2 2009,2,1,4,33,Wen Jiabao|33,Wen Jiabao,2,Premier,https://www.gmw.cn/01gmrb/2009-02/02/content_883140.htm,January 15 2022,NA,NA,Europe,51.5072,-0.1275,8162.979802551350
314,North Korea,2009,PRK,October 4 2009,October 6 2009,2,0,1,,Wen Jiabao|solo:314,Wen Jiabao,2,Premier,http://www.gov.cn/ldhd/2009-10/04/content_1432528.htm,January 15 2022,NA,NA,Asia,39.0167,125.7475,809.4641408419890
315,Egypt,2009,EGY,November 6 2009,November 8 2009,2,0,1,,Wen Jiabao|solo:315,Wen Jiabao,2,Premier,https://www.gmw.cn/01gmrb/2009-11/07/content_1004890.htm,January 15 2022,Forum on China-Africa Cooperation,NA,Africa,30.0444,31.2358,7560.1201357495400
316,"Korea, Republic of",2010,KOR,May 28 2010,May 30 2010,2,1,1,36,Wen Jiabao|36,Wen Jiabao,2,Premier,https://www.gmw.cn/01gmrb/2010-05/29/content_1136278.htm,January 15 2022,China-Japan-South Korea Trilateral Summit,NA,Asia,37.5667,126.9833,954.7917254354350
317,Japan,2010,JPN,May 30 2010,June 1 2010,2,1,2,36,Wen Jiabao|36,Wen Jiabao,2,Premier,https://epaper.gmw.cn/gmrb/html/2010-05/31/nw.D110000gmrb_20100531_2-01.htm,January 15 2022,NA,NA,Asia,35.687,139.7495,2101.9517286556700
318,Mongolia,2010,MNG,June 1 2010,June 2 2010,1,1,3,36,Wen Jiabao|36,Wen Jiabao,2,Premier,http://www.gov.cn/ldhd/2010-06/01/content_1618388.htm,January 15 2022,NA,NA,Asia,47.9214,106.9055,1171.2328680849300
319,Myanmar,2010,MMR,June 2 2010,June 3 2010,1,1,4,36,Wen Jiabao|36,Wen Jiabao,2,Premier,https://www.gmw.cn/01gmrb/2010-06/03/content_1140556.htm,January 15 2022,NA,NA,Asia,16.795,96.16,3223.410875290340
320,Greece,2010,GRC,October 2 2010,October 4 2010,2,1,1,37,Wen Jiabao|37,Wen Jiabao,2,Premier,https://epaper.gmw.cn/gmrb/html/2010-10/03/nw.D110000gmrb_20101003_5-02.htm,January 15 2022,NA,NA,Europe,37.9842,23.7281,7634.910503329010
321,Belgium,2010,BEL,October 4 2010,October 6 2010,2,1,2,37,Wen Jiabao|37,Wen Jiabao,2,Premier,http://www.gov.cn/ldhd/2010-10/04/content_1715653.htm,January 15 2022,Asia-Europe Meeting & China-EU Summit,NA,Europe,50.8467,4.3525,7983.3477348804
322,Italy,2010,ITA,October 6 2010,October 7 2010,1,1,3,37,Wen Jiabao|37,Wen Jiabao,2,Premier,http://www.gov.cn/ldhd/2010-10/07/content_1716464.htm,January 15 2022,NA,NA,Europe,41.8931,12.4828,8147.144457193310
323,Turkey,2010,TUR,October 7 2010,October 9 2010,2,1,4,37,Wen Jiabao|37,Wen Jiabao,2,Premier,http://www.gov.cn/ldhd/2010-10/08/content_1716948.htm,January 15 2022,NA,NA,Asia,39.93,32.85,6851.117849572520
324,Russian Federation,2010,RUS,November 22 2010,November 24 2010,2,1,1,38,Wen Jiabao|38,Wen Jiabao,2,Premier,http://www.gov.cn/ldhd/2010-11/23/content_1750923.htm,January 15 2022,NA,NA,Europe,55.7506,37.6175,5809.313471098180
325,Tajikistan,2010,TJK,November 24 2010,November 25 2010,1,1,2,38,Wen Jiabao|38,Wen Jiabao,2,Premier,http://www.gov.cn/ldhd/2010-11/25/content_1752859.htm,January 15 2022,Shanghai Cooperation Organization,NA,Asia,38.5367,68.78,4066.2957656649100
326,India,2010,IND,December 15 2010,December 17 2010,2,1,1,39,Wen Jiabao|39,Wen Jiabao,2,Premier,http://www.gov.cn/ldhd/2010-12/15/content_1766361.htm,January 15 2022,NA,NA,Asia,28.6139,77.2089,3786.246614675140
327,Pakistan,2010,PAK,December 17 2010,December 19 2010,2,1,2,39,Wen Jiabao|39,Wen Jiabao,2,Premier,http://www.gov.cn/jrzg/2010-12/17/content_1768247.htm,January 15 2022,NA,NA,Asia,33.6931,73.0639,3890.363787500010
328,Malaysia,2011,MYS,April 27 2011,April 28 2011,1,1,1,40,Wen Jiabao|40,Wen Jiabao,2,Premier,http://www.gov.cn/jrzg/2011-04/27/content_1853633.htm,January 15 2022,NA,NA,Asia,3.1686,101.698,4330.660041896570
329,Indonesia,2011,IDN,April 28 2011,April 30 2011,2,1,2,40,Wen Jiabao|40,Wen Jiabao,2,Premier,http://www.gov.cn/ldhd/2011-04/28/content_1854690.htm,January 15 2022,NA,NA,Asia,-6.175,106.8275,5195.8095348361600
330,Hungary,2011,HUN,June 24 2011,June 25 2011,1,1,1,41,Wen Jiabao|41,Wen Jiabao,2,Premier,http://www.gov.cn/ldhd/2011-06/24/content_1892303.htm,January 15 2022,NA,NA,Europe,47.4983,19.0408,7359.882605655540
331,United Kingdom,2011,GBR,June 25 2011,June 27 2011,2,1,2,41,Wen Jiabao|41,Wen Jiabao,2,Premier,http://www.gov.cn/jrzg/2011-06/26/content_1892896.htm,January 15 2022,NA,NA,Europe,51.5072,-0.1275,8162.979802551350
332,Germany,2011,DEU,June 27 2011,June 28 2011,1,1,3,41,Wen Jiabao|41,Wen Jiabao,2,Premier,http://www.gov.cn/ldhd/2011-06/28/content_1894412.htm,January 15 2022,NA,NA,Europe,52.52,13.405,7377.456964000470
333,Brunei Darussalam,2011,BRN,November 20 2011,November 21 2011,1,0,1,,Wen Jiabao|solo:333,Wen Jiabao,2,Premier,http://www.gov.cn/ldhd/2011-11/20/content_1998625.htm,January 15 2022,NA,NA,Asia,4.8903,114.9422,3880.9315100913100
334,Nepal,2012,NPL,January 14 2012,January 14 2012,1,1,1,43,Wen Jiabao|43,Wen Jiabao,2,Premier,http://www.gov.cn/ldhd/2012-01/15/content_2044514.htm,January 15 2022,NA,NA,Asia,27.71,85.32,3158.6804807292900
335,Saudi Arabia,2012,SAU,January 14 2012,January 16 2012,2,1,2,43,Wen Jiabao|43,Wen Jiabao,2,Premier,http://www.gov.cn/ldhd/2012-01/15/content_2044505.htm,January 15 2022,NA,NA,Asia,24.65,46.71,6613.326978642350
336,United Arab Emirates,2012,ARE,January 16 2012,January 18 2012,2,1,3,43,Wen Jiabao|43,Wen Jiabao,2,Premier,http://www.gov.cn/ldhd/2012-01/16/content_2045565.htm,January 15 2022,NA,NA,Asia,24.4667,54.3667,5972.897868673700
337,Qatar,2012,QAT,January 18 2012,January 19 2012,1,1,4,43,Wen Jiabao|43,Wen Jiabao,2,Premier,http://www.gov.cn/ldhd/2012-01/18/content_2048212.htm,January 15 2022,NA,NA,Asia,25.2867,51.5333,6165.652966109280
338,Iceland,2012,ISL,April 20 2012,April 22 2012,2,1,1,44,Wen Jiabao|44,Wen Jiabao,2,Premier,http://www.gov.cn/ldhd/2012-04/20/content_2118747.htm,January 15 2022,NA,NA,Europe,64.1458,-21.9425,7904.928453292320
339,Sweden,2012,SWE,April 23 2012,April 25 2012,2,1,2,44,Wen Jiabao|44,Wen Jiabao,2,Premier,http://www.gov.cn/ldhd/2012-04/24/content_2120973.htm,January 15 2022,NA,NA,Europe,59.3275,18.0547,6727.27988015943
340,Poland,2012,POL,April 25 2012,April 27 2012,2,1,3,44,Wen Jiabao|44,Wen Jiabao,2,Premier,http://www.gov.cn/ldhd/2012-04/25/content_2123530.htm,January 15 2022,NA,NA,Europe,52.23,21.0111,6960.073589530540
341,Brazil,2012,BRA,June 20 2012,June 22 2012,2,1,1,45,Wen Jiabao|45,Wen Jiabao,2,Premier,http://www.gov.cn/jrzg/2012-06/21/content_2166493.htm,January 15 2022,Earth Summit,NA,Americas,-15.7939,-47.8828,16933.504942329000
342,Uruguay,2012,URY,June 22 2012,June 23 2012,1,1,2,45,Wen Jiabao|45,Wen Jiabao,2,Premier,http://www.gov.cn/ldhd/2012-06/23/content_2167753.htm,January 15 2022,NA,NA,Americas,-34.9056,-56.1842,19157.49858059300
343,Argentina,2012,ARG,June 23 2012,June 25 2012,2,1,3,45,Wen Jiabao|45,Wen Jiabao,2,Premier,http://www.gov.cn/ldhd/2012-06/24/content_2168087.htm,January 15 2022,NA,NA,Americas,-34.6036,-58.3814,19263.87548303640
344,Chile,2012,CHL,June 25 2012,June 26 2012,1,1,4,45,Wen Jiabao|45,Wen Jiabao,2,Premier,https://epaper.gmw.cn/gmrb/html/2012-06/27/nw.D110000gmrb_20120627_2-02.htm,January 15 2022,NA,NA,Americas,-33.4372,-70.6506,19058.186758651200
345,Belgium,2012,BEL,September 19 2012,September 20 2012,1,0,1,,Wen Jiabao|solo:345,Wen Jiabao,2,Premier,http://www.gov.cn/jrzg/2012-09/20/content_2228828.htm,January 16 2022,China-EU Summit,NA,Europe,50.8467,4.3525,7983.3477348804
346,Lao People's Dem.Rep,2012,LAO,November 4 2012,November 6 2012,2,0,1,,Wen Jiabao|solo:346,Wen Jiabao,2,Premier,http://www.gov.cn/ldhd/2012-11/04/content_2257461.htm,January 16 2022,Asia-Europe Meeting,NA,Asia,17.98,102.63,2768.5919144738700
347,Cambodia,2012,KHM,November 18 2012,November 20 2012,2,1,1,48,Wen Jiabao|48,Wen Jiabao,2,Premier,http://www.gov.cn/ldhd/2012-11/18/content_2269191.htm,January 16 2022,ASEAN,NA,Asia,11.5696,104.921,3337.2164557080500
348,Thailand,2012,THA,November 20 2012,November 21 2012,1,1,2,48,Wen Jiabao|48,Wen Jiabao,2,Premier,http://www.gov.cn/ldhd/2012-11/20/content_2271626.htm,January 16 2022,NA,NA,Asia,13.7525,100.4942,3289.2821459423700
349,Kyrgyz Republic,2012,KGZ,December 4 2012,December 5 2012,1,1,1,49,Wen Jiabao|49,Wen Jiabao,2,Premier,http://www.gov.cn/jrzg/2012-12/04/content_2282342.htm,January 16 2022,Shanghai Cooperation Organization,NA,Asia,42.8667,74.5667,3479.038913487960
350,Russian Federation,2012,RUS,December 5 2012,December 6 2012,1,1,2,49,Wen Jiabao|49,Wen Jiabao,2,Premier,http://www.gov.cn/ldhd/2012-12/06/content_2283576.htm,January 16 2022,NA,NA,Europe,55.7506,37.6175,5809.313471098180
351,India,2013,IND,May 19 2013,May 22 2013,3,1,1,50,Li Keqiang|50,Li Keqiang,3,Premier,http://www.gov.cn/ldhd/2013-05/19/content_2406280.htm,January 16 2022,NA,NA,Asia,28.6139,77.2089,3786.246614675140
352,Pakistan,2013,PAK,May 22 2013,May 23 2013,1,1,2,50,Li Keqiang|50,Li Keqiang,3,Premier,http://www.gov.cn/guowuyuan/2013-05/22/content_2591478.htm,January 16 2022,NA,NA,Asia,33.6931,73.0639,3890.363787500010
353,Switzerland,2013,CHE,May 23 2013,May 25 2013,2,1,3,50,Li Keqiang|50,Li Keqiang,3,Premier,http://www.gov.cn/ldhd/2013-05/24/content_2410147.htm,January 16 2022,NA,NA,Europe,46.948,7.4474,8096.719712342530
354,Germany,2013,DEU,May 25 2013,May 27 2013,2,1,4,50,Li Keqiang|50,Li Keqiang,3,Premier,http://www.gov.cn/ldhd/2013-05/26/content_2411401.htm,January 16 2022,NA,NA,Europe,52.52,13.405,7377.456964000470
355,Brunei Darussalam,2013,BRN,October 9 2013,October 11 2013,2,1,1,51,Li Keqiang|51,Li Keqiang,3,Premier,http://www.gov.cn/ldhd/2013-10/09/content_2502988.htm,January 16 2022,ASEAN,NA,Asia,4.8903,114.9422,3880.9315100913100
356,Thailand,2013,THA,October 11 2013,October 13 2013,2,1,2,51,Li Keqiang|51,Li Keqiang,3,Premier,http://www.gov.cn/ldhd/2013-10/11/content_2504576.htm,January 16 2022,NA,NA,Asia,13.7525,100.4942,3289.2821459423700
357,Vietnam,2013,VNM,October 13 2013,October 15 2013,2,1,3,51,Li Keqiang|51,Li Keqiang,3,Premier,http://www.gov.cn/ldhd/2013-10/13/content_2505917.htm,January 16 2022,NA,NA,Asia,21,105.85,2323.9538310795200
358,Romania,2013,ROU,November 25 2013,November 28 2013,3,0,1,,Li Keqiang|solo:358,Li Keqiang,3,Premier,http://www.gov.cn/ldhd/2013-11/25/content_2534287.htm,January 16 2022,Cooperation between China and Central and Eastern European Countries,NA,Europe,44.4325,26.1039,7079.1663557559400
359,Ethiopia,2014,ETH,May 4 2014,May 6 2014,2,1,1,53,Li Keqiang|53,Li Keqiang,3,Premier,http://www.gov.cn/guowuyuan/2014-05/04/content_2671246.htm,January 16 2022,NA,NA,Africa,9.03,38.74,8321.79811036877
360,Nigeria,2014,NGA,May 6 2014,May 8 2014,2,1,2,53,Li Keqiang|53,Li Keqiang,3,Premier,https://www.fmprc.gov.cn/ce/cgsf/chn/zgxw/t1153281.htm,January 16 2022,World Economic Forum on Africa,NA,Africa,9.0667,7.4833,10944.087061173900
361,Angola,2014,AGO,May 8 2014,May 9 2014,1,1,3,53,Li Keqiang|53,Li Keqiang,3,Premier,https://www.fmprc.gov.cn/chn/pds/wjb/zzjg/fzs/xwlb/t1154143.htm,January 16 2022,NA,NA,Africa,-8.8383,13.2344,11760.442844554200
362,Kenya,2014,KEN,May 9 2014,May 11 2014,2,1,4,53,Li Keqiang|53,Li Keqiang,3,Premier,https://epaper.gmw.cn/gmrb/html/2014-05/11/nw.D110000gmrb_20140511_5-03.htm,January 16 2022,NA,NA,Africa,-1.2864,36.8172,9215.640061220100
363,United Kingdom,2014,GBR,June 16 2014,June 19 2014,3,1,1,54,Li Keqiang|54,Li Keqiang,3,Premier,http://www.gov.cn/guowuyuan/2014-06/17/content_2701993.htm,January 16 2022,NA,NA,Europe,51.5072,-0.1275,8162.979802551350
364,Greece,2014,GRC,June 19 2014,June 21 2014,2,1,2,54,Li Keqiang|54,Li Keqiang,3,Premier,http://www.gov.cn/guowuyuan/2014-06/19/content_2704586.htm,January 16 2022,NA,NA,Europe,37.9842,23.7281,7634.910503329010
365,Germany,2014,DEU,October 9 2014,October 12 2014,3,1,1,55,Li Keqiang|55,Li Keqiang,3,Premier,https://www.mfa.gov.cn/ce/cohk/chn/xwdt/wsyw/t1199141.htm,January 16 2022,NA,NA,Europe,52.52,13.405,7377.456964000470
366,Russian Federation,2014,RUS,October 12 2014,October 14 2014,2,1,2,55,Li Keqiang|55,Li Keqiang,3,Premier,http://www.gov.cn/guowuyuan/2014-10/12/content_2763559.htm,January 16 2022,NA,NA,Europe,55.7506,37.6175,5809.313471098180
367,Italy,2014,ITA,October 14 2014,October 18 2014,4,1,3,55,Li Keqiang|55,Li Keqiang,3,Premier,https://epaper.gmw.cn/gmrb/html/2014-10/15/nw.D110000gmrb_20141015_1-03.htm,January 16 2022,Asia-Europe Meeting,NA,Europe,41.8931,12.4828,8147.144457193310
368,Myanmar,2014,MMR,November 12 2014,November 14 2014,2,0,1,,Li Keqiang|solo:368,Li Keqiang,3,Premier,http://www.gov.cn/xinwen/2014-11/13/content_2777635.htm,January 16 2022,ASEAN,NA,Asia,16.795,96.16,3223.410875290340
369,Kazakhstan,2014,KAZ,December 14 2014,December 15 2014,1,1,1,57,Li Keqiang|57,Li Keqiang,3,Premier,http://www.gov.cn/xinwen/2014-12/15/content_2791072.htm,January 16 2022,Shanghai Cooperation Organization,NA,Asia,51.1472,71.4222,3663.3535123454000
370,"Serbia, Republic of",2014,SRB,December 15 2014,December 18 2014,3,1,2,57,Li Keqiang|57,Li Keqiang,3,Premier,http://politics.people.com.cn/n/2014/1216/c1001-26216301.html,January 16 2022,Cooperation between China and Central and Eastern European Countries,NA,Europe,44.8178,20.4569,7434.461504011140
371,Switzerland,2015,CHE,January 20 2015,January 22 2015,2,0,1,,Li Keqiang|solo:371,Li Keqiang,3,Premier,https://epaper.gmw.cn/gmrb/html/2015-01/21/nw.D110000gmrb_20150121_1-03.htm,January 16 2022,Davos,NA,Europe,46.948,7.4474,8096.719712342530
372,Brazil,2015,BRA,May 18 2015,May 21 2015,3,1,1,59,Li Keqiang|59,Li Keqiang,3,Premier,http://www.gov.cn/xinwen/2015-05/19/content_2864546.htm,January 16 2022,NA,NA,Americas,-15.7939,-47.8828,16933.504942329000
373,Colombia,2015,COL,May 21 2015,May 22 2015,1,1,2,59,Li Keqiang|59,Li Keqiang,3,Premier,https://epaper.gmw.cn/gmrb/html/2015-05/23/nw.D110000gmrb_20150523_3-03.htm,January 16 2022,NA,NA,Americas,4.7111,-74.0722,14949.90477153140
374,Peru,2015,PER,May 22 2015,May 24 2015,2,1,3,59,Li Keqiang|59,Li Keqiang,3,Premier,http://www.gov.cn/guowuyuan/2015-05/23/content_2867386.htm,January 16 2022,NA,NA,Americas,-12.06,-77.0375,16651.248014204600
375,Chile,2015,CHL,May 24 2015,May 26 2015,2,1,4,59,Li Keqiang|59,Li Keqiang,3,Premier,https://epaper.gmw.cn/gmrb/html/2015-05/26/nw.D110000gmrb_20150526_1-03.htm,January 16 2022,NA,NA,Americas,-33.4372,-70.6506,19058.186758651200
376,France,2015,FRA,June 29 2015,July 2 2015,3,0,1,,Li Keqiang|solo:376,Li Keqiang,3,Premier,http://www.gov.cn/xinwen/2015-06/30/content_2887293.htm,January 16 2022,NA,NA,Europe,48.8567,2.3522,8238.77077033595
377,"Korea, Republic of",2015,KOR,October 31 2015,November 2 2015,2,0,1,,Li Keqiang|solo:377,Li Keqiang,3,Premier,https://epaper.gmw.cn/gmrb/html/2015-11/01/nw.D110000gmrb_20151101_5-03.htm,January 16 2022,China-Japan-South Korea Trilateral Summit,NA,Asia,37.5667,126.9833,954.7917254354350
378,Malaysia,2015,MYS,November 20 2015,November 23 2015,3,0,1,,Li Keqiang|solo:378,Li Keqiang,3,Premier,https://epaper.gmw.cn/gmrb/html/2015-11/21/nw.D110000gmrb_20151121_1-03.htm,January 16 2022,ASEAN,NA,Asia,3.1686,101.698,4330.660041896570
379,Mongolia,2016,MNG,July 13 2016,July 16 2016,3,0,1,,Li Keqiang|solo:379,Li Keqiang,3,Premier,http://www.gov.cn/guowuyuan/2016-07/13/content_5090962.htm,January 16 2022,Asia-Europe Meeting,NA,Asia,47.9214,106.9055,1171.2328680849300
380,Lao People's Dem.Rep,2016,LAO,September 6 2016,September 9 2016,3,0,1,,Li Keqiang|solo:380,Li Keqiang,3,Premier,http://www.gov.cn/xinwen/2016-09/07/content_5106084.htm,January 16 2022,ASEAN,NA,Asia,17.98,102.63,2768.5919144738700
381,Canada,2016,CAN,September 21 2016,September 24 2016,3,1,1,65,Li Keqiang|65,Li Keqiang,3,Premier,https://www.fmprc.gov.cn/ce/cgsf/chn/zgxw/t1399456.htm,January 16 2022,NA,NA,Americas,45.4247,-75.695,10476.325449049400
382,Cuba,2016,CUB,September 24 2016,September 26 2016,2,1,2,65,Li Keqiang|65,Li Keqiang,3,Premier,http://www.gov.cn/xinwen/2016-09/25/content_5111837.htm,January 16 2022,NA,NA,Americas,23.1367,-82.3589,12760.233922349700
383,Kyrgyz Republic,2016,KGZ,November 2 2016,November 3 2016,1,1,1,66,Li Keqiang|66,Li Keqiang,3,Premier,http://politics.people.com.cn/n1/2016/1101/c1001-28825571.html,January 16 2022,Shanghai Cooperation Organization,NA,Asia,42.8667,74.5667,3479.038913487960
384,Kazakhstan,2016,KAZ,November 3 2016,November 4 2016,1,1,2,66,Li Keqiang|66,Li Keqiang,3,Premier,https://www.fmprc.gov.cn/ce/ceka/chn/zhgx/t1412685.htm,January 16 2022,NA,NA,Asia,51.1472,71.4222,3663.3535123454000
385,Latvia,2016,LVA,November 4 2016,November 6 2016,2,1,3,66,Li Keqiang|66,Li Keqiang,3,Premier,https://epaper.gmw.cn/gmrb/html/2016-11/05/nw.D110000gmrb_20161105_8-02.htm,January 16 2022,Cooperation between China and Central and Eastern European Countries,NA,Europe,56.9475,24.1069,6534.461515076580
386,Russian Federation,2016,RUS,November 6 2016,November 8 2016,2,1,4,66,Li Keqiang|66,Li Keqiang,3,Premier,http://www.gov.cn/guowuyuan/2016-11/07/content_5129708.htm,January 16 2022,NA,NA,Europe,55.7506,37.6175,5809.313471098180
387,Australia,2017,AUS,March 22 2017,March 26 2017,4,1,1,67,Li Keqiang|67,Li Keqiang,3,Premier,https://news.gmw.cn/2017-03/23/content_24035598.htm,January 16 2022,NA,NA,Oceania,-35.2931,149.1269,8977.611306861190
388,New Zealand,2017,NZL,March 26 2017,March 29 2017,3,1,2,67,Li Keqiang|67,Li Keqiang,3,Premier,https://epaper.gmw.cn/gmrb/html/2017-03/27/nw.D110000gmrb_20170327_2-03.htm,January 16 2022,NA,NA,Oceania,-41.2889,174.7772,10754.829316528500
389,Germany,2017,DEU,May 31 2017,June 1 2017,1,1,1,68,Li Keqiang|68,Li Keqiang,3,Premier,https://epaper.gmw.cn/gmrb/html/2017-06/01/nw.D110000gmrb_20170601_1-03.htm,January 16 2022,NA,NA,Europe,52.52,13.405,7377.456964000470
390,Belgium,2017,BEL,June 1 2017,June 2 2017,1,1,2,68,Li Keqiang|68,Li Keqiang,3,Premier,https://epaper.gmw.cn/gmrb/html/2017-06/03/nw.D110000gmrb_20170603_1-02.htm,January 16 2022,China-EU Summit,NA,Europe,50.8467,4.3525,7983.3477348804
391,Philippines,2017,PHL,November 12 2017,November 16 2017,4,0,1,,Li Keqiang|solo:391,Li Keqiang,3,Premier,http://china.chinadaily.com.cn/2017-11/13/content_34462487.htm,January 16 2022,ASEAN,NA,Asia,14.5958,120.9772,2839.8394695885400
392,Hungary,2017,HUN,November 26 2017,November 29 2017,3,0,1,,Li Keqiang|solo:392,Li Keqiang,3,Premier,https://epaper.gmw.cn/gmrb/html/2017-11/27/nw.D110000gmrb_20171127_1-03.htm,January 16 2022,Cooperation between China and Central and Eastern European Countries,NA,Europe,47.4983,19.0408,7359.882605655540
393,Cambodia,2018,KHM,January 10 2018,January 11 2018,1,0,1,,Li Keqiang|solo:393,Li Keqiang,3,Premier,https://epaper.gmw.cn/gmrb/html/2018-01/11/nw.D110000gmrb_20180111_1-03.htm,January 16 2022,Lancang-Mekong Cooperation,NA,Asia,11.5696,104.921,3337.2164557080500
394,Indonesia,2018,IDN,May 6 2018,May 8 2018,2,1,1,72,Li Keqiang|72,Li Keqiang,3,Premier,https://news.gmw.cn/2018-05/07/content_28654748.htm,January 16 2022,NA,NA,Asia,-6.175,106.8275,5195.8095348361600
395,Japan,2018,JPN,May 8 2018,May 11 2018,3,1,2,72,Li Keqiang|72,Li Keqiang,3,Premier,https://politics.gmw.cn/2018-05/09/content_28693444.htm,January 16 2022,China-Japan-South Korea Trilateral Summit,NA,Asia,35.687,139.7495,2101.9517286556700
396,Bulgaria,2018,BGR,July 5 2018,July 8 2018,3,1,1,73,Li Keqiang|73,Li Keqiang,3,Premier,https://news.gmw.cn/2018-07/06/content_29695709.htm,January 16 2022,Cooperation between China and Central and Eastern European Countries,NA,Europe,42.6979,23.3217,7371.9439515947200
397,Germany,2018,DEU,July 8 2018,July 10 2018,2,1,2,73,Li Keqiang|73,Li Keqiang,3,Premier,http://www.gov.cn/guowuyuan/2018-07/09/content_5304827.htm,January 16 2022,NA,NA,Europe,52.52,13.405,7377.456964000470
398,Tajikistan,2018,TJK,October 11 2018,October 14 2018,3,1,1,74,Li Keqiang|74,Li Keqiang,3,Premier,http://www.gov.cn/xinwen/2018-10/12/content_5329748.htm,January 16 2022,Shanghai Cooperation Organization,NA,Asia,38.5367,68.78,4066.2957656649100
399,Netherlands,2018,NLD,October 14 2018,October 16 2018,2,1,2,74,Li Keqiang|74,Li Keqiang,3,Premier,http://www.gov.cn/guowuyuan/2018-10/14/content_5330706.htm,January 16 2022,NA,NA,Europe,52.3728,4.8936,7843.416444963650
400,Belgium,2018,BEL,October 16 2018,October 19 2018,3,1,3,74,Li Keqiang|74,Li Keqiang,3,Premier,http://www.gov.cn/guowuyuan/2018-10/17/content_5331653.htm,January 16 2022,Asia-Europe Meeting,NA,Europe,50.8467,4.3525,7983.3477348804
401,Singapore,2018,SGP,November 12 2018,November 16 2018,4,0,1,,Li Keqiang|solo:401,Li Keqiang,3,Premier,http://www.gov.cn/guowuyuan/2018-11/12/content_5339664.htm,January 16 2022,ASEAN,NA,Asia,1.3,103.8,4461.914565010560
402,Croatia,2019,HRV,April 9 2019,April 12 2019,3,0,1,,Li Keqiang|solo:402,Li Keqiang,3,Premier,http://www.xinhuanet.com/politics/leaders/2019-04/10/c_1124345723.htm,January 16 2022,Cooperation between China and Central and Eastern European Countries,NA,Europe,45.8131,15.9772,7659.318901980550
403,Russian Federation,2019,RUS,September 16 2019,September 18 2019,2,0,1,,Li Keqiang|solo:403,Li Keqiang,3,Premier,http://www.xinhuanet.com/politics/leaders/2019-09/16/c_1125002379.htm,January 16 2022,NA,NA,Europe,55.7506,37.6175,5809.313471098180
404,Uzbekistan,2019,UZB,November 1 2019,November 2 2019,1,1,1,78,Li Keqiang|78,Li Keqiang,3,Premier,http://www.gov.cn/xinwen/2019-11/02/content_5447851.htm,January 16 2022,Shanghai Cooperation Organization,NA,Asia,41.3111,69.2797,3941.923515260980
405,Thailand,2019,THA,November 2 2019,November 5 2019,3,1,2,78,Li Keqiang|78,Li Keqiang,3,Premier,http://www.xinhuanet.com/politics/leaders/2019-11/02/c_1125185416.htm,January 16 2022,ASEAN,NA,Asia,13.7525,100.4942,3289.2821459423700
